platform,video_id,title,description,url,thumbnail_url,duration,view_count,like_count,comment_count,share_count,upload_date,creator_name,creator_id,creator_followers,tags,categories,language,is_live,is_private,age_restricted,audio_features,platform_metadata,scraped_at
YouTube,ayCcb5dzDGM,the BEST of mukbang 😳 (compilation),,https://www.youtube.com/watch?v=ayCcb5dzDGM,https://i.ytimg.com/vi/ayCcb5dzDGM/hq720.jpg?sqp=-oaymwEcCOgCEMoBSFXyq4qpAw4IARUAAIhCGAFwAcABBg==&rs=AOn4CLB2b0guUrM271DJ74ssZ7YmN2WzUA,11684,368513,,,,,VoxTea,@VoxTea,,,,,False,False,False,,"{'channel_url': 'https://www.youtube.com/channel/UC2CyGPf05clrUTMsH_lbkwA', 'channel_id': 'UC2CyGPf05clrUTMsH_lbkwA', 'playable_in_embed': False, 'automatic_captions': None, 'subtitles': None, 'chapters': None, 'heatmap': None, 'average_rating': None, 'webpage_url_basename': None, 'extractor': None}",2025-06-21T19:31:44.662276
YouTube,ddVizZDhyfU,"TIKTOK Mukbang Compilation | Dave's Hot Chicken, Wingstop, Taco Bell, Chipotle & More!",,https://www.youtube.com/watch?v=ddVizZDhyfU,https://i.ytimg.com/vi/ddVizZDhyfU/hq720.jpg?sqp=-oaymwEcCOgCEMoBSFXyq4qpAw4IARUAAIhCGAFwAcABBg==&rs=AOn4CLC2ol-leq8YBrUP8gY8yT3_8q_fwg,1823,748089,,,,,Snakzy,@SnakzyFoods,,,,,False,False,False,,"{'channel_url': 'https://www.youtube.com/channel/UCJlEipVV5uI01UFM648yNqQ', 'channel_id': 'UCJlEipVV5uI01UFM648yNqQ', 'playable_in_embed': False, 'automatic_captions': None, 'subtitles': None, 'chapters': None, 'heatmap': None, 'average_rating': None, 'webpage_url_basename': None, 'extractor': None}",2025-06-21T19:31:44.662358
YouTube,gbXvoBGRdQM,Corn dog❤️ #mukbang #stoneychoi,,https://www.youtube.com/watch?v=gbXvoBGRdQM,https://i.ytimg.com/vi/gbXvoBGRdQM/hq720.jpg?sqp=-oaymwE2COgCEMoBSFXyq4qpAygIARUAAIhCGABwAcABBvABAfgBtgiAAoAPigIMCAAQARgXICwofzAP&rs=AOn4CLDguNKt46zGS3V09Q7RsL7iTekTOQ,58,535482,,,,,Stoney Choi,@stoneychoi,,,,,False,False,False,,"{'channel_url': 'https://www.youtube.com/channel/UCbwccxERsA8vUT6UGM5WZFA', 'channel_id': 'UCbwccxERsA8vUT6UGM5WZFA', 'playable_in_embed': False, 'automatic_captions': None, 'subtitles': None, 'chapters': None, 'heatmap': None, 'average_rating': None, 'webpage_url_basename': None, 'extractor': None}",2025-06-21T19:31:44.662375
YouTube,4a_NGIdhqKw,ASMR MUKBANG BLACK BEAN FIRE NOODLES & CHICKEN NUGGETS (No Talking) EATING SOUNDS,,https://www.youtube.com/watch?v=4a_NGIdhqKw,https://i.ytimg.com/vi/4a_NGIdhqKw/hq720.jpg?sqp=-oaymwEcCOgCEMoBSFXyq4qpAw4IARUAAIhCGAFwAcABBg==&rs=AOn4CLDcXSkpczCIopbmLLxLn-ljYU1e5g,721,70385517,,,,,Zach Choi,@ZachChoi,,,,,False,False,False,,"{'channel_url': 'https://www.youtube.com/channel/UCI78AdiI6f7VKhqW1i4B3Rw', 'channel_id': 'UCI78AdiI6f7VKhqW1i4B3Rw', 'playable_in_embed': False, 'automatic_captions': None, 'subtitles': None, 'chapters': None, 'heatmap': None, 'average_rating': None, 'webpage_url_basename': None, 'extractor': None}",2025-06-21T19:31:44.662391
YouTube,-Ei05lHFt5s,"ASMR MUKBANG｜ CHOCOLATE PARTY *ICE CREAM, MOCHI, TICO, CAKE, TWIX COOKIE, MILKA, MALTESERS 초콜릿 먹방",,https://www.youtube.com/watch?v=-Ei05lHFt5s,https://i.ytimg.com/vi/-Ei05lHFt5s/hq720.jpg?sqp=-oaymwEcCOgCEMoBSFXyq4qpAw4IARUAAIhCGAFwAcABBg==&rs=AOn4CLCfiYPV5oxrY3zXi8A-zF5CFL4Kzg,3657,1889692,,,,,Mellawnie ASMR 멜라우니,@mellawnie,,,,,False,False,False,,"{'channel_url': 'https://www.youtube.com/channel/UCi-arvNv8qCzkXRP__mw78g', 'channel_id': 'UCi-arvNv8qCzkXRP__mw78g', 'playable_in_embed': False, 'automatic_captions': None, 'subtitles': None, 'chapters': None, 'heatmap': None, 'average_rating': None, 'webpage_url_basename': None, 'extractor': None}",2025-06-21T19:31:44.662445
YouTube,svfu4l4HkRQ,"TIKTOK Mukbang Compilation | Chili's, Wingstop, Dave's Hot Chicken, Cane's & More!",,https://www.youtube.com/watch?v=svfu4l4HkRQ,https://i.ytimg.com/vi/svfu4l4HkRQ/hq720.jpg?sqp=-oaymwEcCOgCEMoBSFXyq4qpAw4IARUAAIhCGAFwAcABBg==&rs=AOn4CLDL4TNUBzYotLl9KzYM6FWe6ZAFmw,2529,89518,,,,,Snakzy,@SnakzyFoods,,,,,False,False,False,,"{'channel_url': 'https://www.youtube.com/channel/UCJlEipVV5uI01UFM648yNqQ', 'channel_id': 'UCJlEipVV5uI01UFM648yNqQ', 'playable_in_embed': False, 'automatic_captions': None, 'subtitles': None, 'chapters': None, 'heatmap': None, 'average_rating': None, 'webpage_url_basename': None, 'extractor': None}",2025-06-21T19:31:44.665708
YouTube,QgdGdnj00m4,Minecraft Lava chicken MUKBANG | Satisfying,,https://www.youtube.com/watch?v=QgdGdnj00m4,https://i.ytimg.com/vi/QgdGdnj00m4/hq720.jpg?sqp=-oaymwE2COgCEMoBSFXyq4qpAygIARUAAIhCGABwAcABBvABAfgBtgiAAoAPigIMCAAQARhlIEsoPTAP&rs=AOn4CLAqKNL1liJ-6PG36YiZrAM4j8l_JQ,26,17809259,,,,,Dread Yamada,@dreadyamada,,,,,False,False,False,,"{'channel_url': 'https://www.youtube.com/channel/UCwUTiMzUDqsoTSWDPFHqyCg', 'channel_id': 'UCwUTiMzUDqsoTSWDPFHqyCg', 'playable_in_embed': False, 'automatic_captions': None, 'subtitles': None, 'chapters': None, 'heatmap': None, 'average_rating': None, 'webpage_url_basename': None, 'extractor': None}",2025-06-21T19:31:44.665776
YouTube,QpJl7k1ntbo,When the $1000 budae jjigae is too small… #shorts #viral #mukbang,,https://www.youtube.com/watch?v=QpJl7k1ntbo,https://i.ytimg.com/vi/QpJl7k1ntbo/hq720.jpg?sqp=-oaymwE2COgCEMoBSFXyq4qpAygIARUAAIhCGABwAcABBvABAfgBtgiAAoAPigIMCAAQARhyIEEoODAP&rs=AOn4CLBWyqz4zKeu9kvT-SkZO8c_PgAlQQ,61,11773971,,,,,Kim&Liz Too,@kimliztoo,,,,,False,False,False,,"{'channel_url': 'https://www.youtube.com/channel/UCV_bAXpZqUzZ6SYfOUfwe9w', 'channel_id': 'UCV_bAXpZqUzZ6SYfOUfwe9w', 'playable_in_embed': False, 'automatic_captions': None, 'subtitles': None, 'chapters': None, 'heatmap': None, 'average_rating': None, 'webpage_url_basename': None, 'extractor': None}",2025-06-21T19:31:44.665800
YouTube,5XU7dmCTo5w,MY GIRLFRIEND TRIED SPICY NOODLES TODAY | MUKBANG ASMR EATING | #mukbang #shorts #food #delicious,,https://www.youtube.com/watch?v=5XU7dmCTo5w,https://i.ytimg.com/vi/5XU7dmCTo5w/hq720_2.jpg?sqp=-oaymwE2COgCEMoBSFXyq4qpAygIARUAAIhCGABwAcABBvABAfgBtgiAAqALigIMCAAQARhlIFAoQzAP&rs=AOn4CLBJrdqvacBDSar548NEWqW2VUlSCg,23,14797863,,,,,Foody Animal ,@Foody_animal-7,,,,,False,False,False,,"{'channel_url': 'https://www.youtube.com/channel/UCubVguLlxvNRh-XNXNqxYPQ', 'channel_id': 'UCubVguLlxvNRh-XNXNqxYPQ', 'playable_in_embed': False, 'automatic_captions': None, 'subtitles': None, 'chapters': None, 'heatmap': None, 'average_rating': None, 'webpage_url_basename': None, 'extractor': None}",2025-06-21T19:31:44.665813
YouTube,3qnU3nKy8r0,Fake or Real Food? #asmr,,https://www.youtube.com/watch?v=3qnU3nKy8r0,https://i.ytimg.com/vi/3qnU3nKy8r0/hq720.jpg?sqp=-oaymwE2COgCEMoBSFXyq4qpAygIARUAAIhCGABwAcABBvABAfgBtgiAAoAPigIMCAAQARhyIEooNzAP&rs=AOn4CLBYaaVBiaH5GityGojNC6BIu11f4g,56,971891,,,,,Dalton Does ASMR,@DaltonDoesASMR,,,,,False,False,False,,"{'channel_url': 'https://www.youtube.com/channel/UCF1Bhc7ALlDl7P8VN_Y6Atw', 'channel_id': 'UCF1Bhc7ALlDl7P8VN_Y6Atw', 'playable_in_embed': False, 'automatic_captions': None, 'subtitles': None, 'chapters': None, 'heatmap': None, 'average_rating': None, 'webpage_url_basename': None, 'extractor': None}",2025-06-21T19:31:44.665826
YouTube,3-ck17MVxfU,Random Gold Color food MUKBANG🐯🏆 #shorts,,https://www.youtube.com/watch?v=3-ck17MVxfU,https://i.ytimg.com/vi/3-ck17MVxfU/hq720.jpg?sqp=-oaymwE2COgCEMoBSFXyq4qpAygIARUAAIhCGABwAcABBvABAfgBtgiAAoAPigIMCAAQARh_IFMoEzAP&rs=AOn4CLAFDLftiCjaN74W4xu_6GvUiTaiaw,55,17308902,,,,,CuRe 구래,@cure0721,,,,,False,False,False,,"{'channel_url': 'https://www.youtube.com/channel/UCkLNHZZsC3LKdUAroKNwOOw', 'channel_id': 'UCkLNHZZsC3LKdUAroKNwOOw', 'playable_in_embed': False, 'automatic_captions': None, 'subtitles': None, 'chapters': None, 'heatmap': None, 'average_rating': None, 'webpage_url_basename': None, 'extractor': None}",2025-06-21T19:31:44.665839
YouTube,s85cKxJIpo0,"ASMR MUKBANG convenience store store, FIRE Noodle, HOT DOG, GIMBAP, Tteokbokki EATING SOUND !",,https://www.youtube.com/watch?v=s85cKxJIpo0,https://i.ytimg.com/vi/s85cKxJIpo0/hq720.jpg?sqp=-oaymwEcCOgCEMoBSFXyq4qpAw4IARUAAIhCGAFwAcABBg==&rs=AOn4CLD0gujfdfoWw-9Jqj83F_D10bMqfA,1017,11552925,,,,,GONGSAM TABLE 이공삼,@gongsam_table203,,,,,False,False,False,,"{'channel_url': 'https://www.youtube.com/channel/UC2B5onlYkZ7IaVekR9yIB6w', 'channel_id': 'UC2B5onlYkZ7IaVekR9yIB6w', 'playable_in_embed': False, 'automatic_captions': None, 'subtitles': None, 'chapters': None, 'heatmap': None, 'average_rating': None, 'webpage_url_basename': None, 'extractor': None}",2025-06-21T19:31:44.667546
YouTube,bc9WO7flvCs,Fried Chicken🍗 #mukbang #stoneychoi,,https://www.youtube.com/watch?v=bc9WO7flvCs,https://i.ytimg.com/vi/bc9WO7flvCs/hq720.jpg?sqp=-oaymwE2COgCEMoBSFXyq4qpAygIARUAAIhCGABwAcABBvABAfgBtgiAAoAPigIMCAAQARhyIEooMzAP&rs=AOn4CLCfi3gtYyuMiSFdJcSTZKVxSnVh3A,57,30087598,,,,,Stoney Choi,@stoneychoi,,,,,False,False,False,,"{'channel_url': 'https://www.youtube.com/channel/UCbwccxERsA8vUT6UGM5WZFA', 'channel_id': 'UCbwccxERsA8vUT6UGM5WZFA', 'playable_in_embed': False, 'automatic_captions': None, 'subtitles': None, 'chapters': None, 'heatmap': None, 'average_rating': None, 'webpage_url_basename': None, 'extractor': None}",2025-06-21T19:31:44.667559
YouTube,23SCWH8YLJ4,How to share marshmallow | Best chocolate smores mukbang ASMR eating,,https://www.youtube.com/watch?v=23SCWH8YLJ4,https://i.ytimg.com/vi/23SCWH8YLJ4/hq720.jpg?sqp=-oaymwE2COgCEMoBSFXyq4qpAygIARUAAIhCGABwAcABBvABAfgBtgiAAoAPigIMCAAQARh_IEgoKDAP&rs=AOn4CLCjs2pT6tI9aw2HUvDwaXZx6ju6WQ,30,496977,,,,,McBang ASMR,@McBangASMR,,,,,False,False,False,,"{'channel_url': 'https://www.youtube.com/channel/UCzXipoEpmE2VVOWtuTGc_Hw', 'channel_id': 'UCzXipoEpmE2VVOWtuTGc_Hw', 'playable_in_embed': False, 'automatic_captions': None, 'subtitles': None, 'chapters': None, 'heatmap': None, 'average_rating': None, 'webpage_url_basename': None, 'extractor': None}",2025-06-21T19:31:44.667569
YouTube,ykDTo7mHxzQ,TRYING 6 KINDS OF ASIAN DESSERTS #shorts #viral #mukbang,,https://www.youtube.com/watch?v=ykDTo7mHxzQ,https://i.ytimg.com/vi/ykDTo7mHxzQ/hq720.jpg?sqp=-oaymwE2COgCEMoBSFXyq4qpAygIARUAAIhCGABwAcABBvABAfgBtgiAAoAPigIMCAAQARhRIFgoZTAP&rs=AOn4CLDlMPsjPhJ_wmgDlAIU1zs50yzv0g,61,9171398,,,,,Kim&Liz ASMR,@KimLizASMR,,,,,False,False,False,,"{'channel_url': 'https://www.youtube.com/channel/UCZ8MqcJVNNq6d1KARqqI19g', 'channel_id': 'UCZ8MqcJVNNq6d1KARqqI19g', 'playable_in_embed': False, 'automatic_captions': None, 'subtitles': None, 'chapters': None, 'heatmap': None, 'average_rating': None, 'webpage_url_basename': None, 'extractor': None}",2025-06-21T19:31:44.667580
YouTube,9u3E83_gHpI,EATING SPICY CHINESE SNACKS #asmr #mukbang,,https://www.youtube.com/watch?v=9u3E83_gHpI,https://i.ytimg.com/vi/9u3E83_gHpI/hq720.jpg?sqp=-oaymwE2COgCEMoBSFXyq4qpAygIARUAAIhCGABwAcABBvABAfgBtgiAAoAPigIMCAAQARhJID8ocjAP&rs=AOn4CLAP5BFBsQ_yji_YZEXFT4BSk0HYQw,60,2141867,,,,,Jon's Snacking Time,@jonsnackingtime,,,,,False,False,False,,"{'channel_url': 'https://www.youtube.com/channel/UCjRg4OVkVG_Kl4JjkPZPUbw', 'channel_id': 'UCjRg4OVkVG_Kl4JjkPZPUbw', 'playable_in_embed': False, 'automatic_captions': None, 'subtitles': None, 'chapters': None, 'heatmap': None, 'average_rating': None, 'webpage_url_basename': None, 'extractor': None}",2025-06-21T19:31:44.667591
YouTube,-HfZolqYeLM,KING CRAB SEAFOOD BOIL MUKBANG | SEAFOOD | MUKBANG | DESHELLED LOBSTER | SEAFOOD BOIL | ASMR EATING,,https://www.youtube.com/watch?v=-HfZolqYeLM,https://i.ytimg.com/vi/-HfZolqYeLM/hq720.jpg?sqp=-oaymwEcCOgCEMoBSFXyq4qpAw4IARUAAIhCGAFwAcABBg==&rs=AOn4CLCJJcrDZpecY9fnId2og-op-t5pmQ,670,2303043,,,,,Eat Spicy with Tee,@EatSpicywithTee,,,,,False,False,False,,"{'channel_url': 'https://www.youtube.com/channel/UCzZ5pFm1RqrOkSW199IgbIA', 'channel_id': 'UCzZ5pFm1RqrOkSW199IgbIA', 'playable_in_embed': False, 'automatic_captions': None, 'subtitles': None, 'chapters': None, 'heatmap': None, 'average_rating': None, 'webpage_url_basename': None, 'extractor': None}",2025-06-21T19:31:44.668015
YouTube,6pVcKHYGADk,Trying the most popular ice creams in America… #food #eating #mukbang,,https://www.youtube.com/watch?v=6pVcKHYGADk,https://i.ytimg.com/vi/6pVcKHYGADk/hq720.jpg?sqp=-oaymwE2COgCEMoBSFXyq4qpAygIARUAAIhCGABwAcABBvABAfgBtgiAAoAPigIMCAAQARhlIEgoPjAP&rs=AOn4CLBcQLTVekFkX4tEYWGNjsQXSy_nrw,60,2908765,,,,,Kim&Liz ASMR,@KimLizASMR,,,,,False,False,False,,"{'channel_url': 'https://www.youtube.com/channel/UCZ8MqcJVNNq6d1KARqqI19g', 'channel_id': 'UCZ8MqcJVNNq6d1KARqqI19g', 'playable_in_embed': False, 'automatic_captions': None, 'subtitles': None, 'chapters': None, 'heatmap': None, 'average_rating': None, 'webpage_url_basename': None, 'extractor': None}",2025-06-21T19:31:44.668038
YouTube,qXAlY5vVJrg,"ASMR MUKBANG, Pink Desserts, Strawberry Wafer Cookie, Peach KitKat, Honeycomb, Milk Wax Candy 먹방",,https://www.youtube.com/watch?v=qXAlY5vVJrg,https://i.ytimg.com/vi/qXAlY5vVJrg/hq720.jpg?sqp=-oaymwEcCOgCEMoBSFXyq4qpAw4IARUAAIhCGAFwAcABBg==&rs=AOn4CLCWnFhiMg2VRDRZJk46ZhyAnGyVbw,1111,1698152,,,,,HunniBee ASMR,@HunniBeeASMR,,,,,False,False,False,,"{'channel_url': 'https://www.youtube.com/channel/UCB7Te5Pb6LOTFV7i0Rzp8dg', 'channel_id': 'UCB7Te5Pb6LOTFV7i0Rzp8dg', 'playable_in_embed': False, 'automatic_captions': None, 'subtitles': None, 'chapters': None, 'heatmap': None, 'average_rating': None, 'webpage_url_basename': None, 'extractor': None}",2025-06-21T19:31:44.668048
YouTube,XtZWawqkRk4,EATING ONLY KOREAN STREET FOOD FOR A FULL DAY #shorts #viral #mukbang,,https://www.youtube.com/watch?v=XtZWawqkRk4,https://i.ytimg.com/vi/XtZWawqkRk4/hq720.jpg?sqp=-oaymwE2COgCEMoBSFXyq4qpAygIARUAAIhCGABwAcABBvABAfgBtgiAAoAPigIMCAAQARh_IC4oEzAP&rs=AOn4CLAeJ7-z4WPuihbAwinhCd3vUHftEQ,61,11161688,,,,,Kim&Liz Too,@kimliztoo,,,,,False,False,False,,"{'channel_url': 'https://www.youtube.com/channel/UCV_bAXpZqUzZ6SYfOUfwe9w', 'channel_id': 'UCV_bAXpZqUzZ6SYfOUfwe9w', 'playable_in_embed': False, 'automatic_captions': None, 'subtitles': None, 'chapters': None, 'heatmap': None, 'average_rating': None, 'webpage_url_basename': None, 'extractor': None}",2025-06-21T19:31:44.668059
YouTube,MzGNI6M_u44,"JUICE , DUCK EGG , OMELETTE , FISH , FRIED RICE EATING SHOW MUKBANG , FOOD RECIPE",,https://www.youtube.com/watch?v=MzGNI6M_u44,https://i.ytimg.com/vi/MzGNI6M_u44/hq720.jpg?sqp=-oaymwEcCOgCEMoBSFXyq4qpAw4IARUAAIhCGAFwAcABBg==&rs=AOn4CLBbX83WR-p5bn0RNoZ8dQrWTbmHrA,1114,42701,,,,,food shood with Bijan,@foodshoodwithBijan,,,,,False,False,False,,"{'channel_url': 'https://www.youtube.com/channel/UCPtTtqo36fumupCWDNosIGg', 'channel_id': 'UCPtTtqo36fumupCWDNosIGg', 'playable_in_embed': False, 'automatic_captions': None, 'subtitles': None, 'chapters': None, 'heatmap': None, 'average_rating': None, 'webpage_url_basename': None, 'extractor': None}",2025-06-21T19:31:44.669182
YouTube,tXjJTZP6VTQ,Eating delicious pig ear with greens and king chilly // Naga eating show.,,https://www.youtube.com/watch?v=tXjJTZP6VTQ,https://i.ytimg.com/vi/tXjJTZP6VTQ/hq720.jpg?sqp=-oaymwEcCOgCEMoBSFXyq4qpAw4IARUAAIhCGAFwAcABBg==&rs=AOn4CLDqav8Zc_QKgviHYGoJ7qFKSmkJxw,728,257751,,,,,Kents vlog,@kents350,,,,,False,False,False,,"{'channel_url': 'https://www.youtube.com/channel/UCsbWQl1KQyRaIEA9OvzW30g', 'channel_id': 'UCsbWQl1KQyRaIEA9OvzW30g', 'playable_in_embed': False, 'automatic_captions': None, 'subtitles': None, 'chapters': None, 'heatmap': None, 'average_rating': None, 'webpage_url_basename': None, 'extractor': None}",2025-06-21T19:31:44.669203
YouTube,vvRvAinw8vA,Eating Spicy Indian Maggie Masala with Boiled Egg #ASMR/EATING SHOW BIGBITES #MUKBANG #masalamaggi,,https://www.youtube.com/watch?v=vvRvAinw8vA,https://i.ytimg.com/vi/vvRvAinw8vA/hq720.jpg?sqp=-oaymwEcCOgCEMoBSFXyq4qpAw4IARUAAIhCGAFwAcABBg==&rs=AOn4CLAWYvMwmMqtBJl5fXmEhHUK4vnJUg,571,12499,,,,,SamteeEats,@SamteeEats,,,,,False,False,False,,"{'channel_url': 'https://www.youtube.com/channel/UCIQ2bRQIB7KPywLbSiIrHDw', 'channel_id': 'UCIQ2bRQIB7KPywLbSiIrHDw', 'playable_in_embed': False, 'automatic_captions': None, 'subtitles': None, 'chapters': None, 'heatmap': None, 'average_rating': None, 'webpage_url_basename': None, 'extractor': None}",2025-06-21T19:31:44.669218
YouTube,g1qpmDSmm-4,"ASMR EATING SHOW- Veg fried rice, Chicken Curry, Gulab Jamun, Papad || Mukbang || Big Bites ||",,https://www.youtube.com/watch?v=g1qpmDSmm-4,https://i.ytimg.com/vi/g1qpmDSmm-4/hq720.jpg?sqp=-oaymwEcCOgCEMoBSFXyq4qpAw4IARUAAIhCGAFwAcABBg==&rs=AOn4CLDyxKyui7pxOxTIe0MAnr5GHewl_w,723,8730,,,,,SUTAPA Loves to Eat,@sutapalovestoeat,,,,,False,False,False,,"{'channel_url': 'https://www.youtube.com/channel/UC9W02hrK-et0uHWvhwsOX2Q', 'channel_id': 'UC9W02hrK-et0uHWvhwsOX2Q', 'playable_in_embed': False, 'automatic_captions': None, 'subtitles': None, 'chapters': None, 'heatmap': None, 'average_rating': None, 'webpage_url_basename': None, 'extractor': None}",2025-06-21T19:31:44.669515
YouTube,3KJLdgY__Vg,Eating Show -Schezwan Egg Hakka Noodles With Restaurant Style Dry Chilli Chicken| street food eating,,https://www.youtube.com/watch?v=3KJLdgY__Vg,https://i.ytimg.com/vi/3KJLdgY__Vg/hq720.jpg?sqp=-oaymwEcCOgCEMoBSFXyq4qpAw4IARUAAIhCGAFwAcABBg==&rs=AOn4CLDnLluDyzViY5r4wDwAmArAobBuhA,636,15839,,,,,Poulami Eating Show,@PoulamiEatingShow,,,,,False,False,False,,"{'channel_url': 'https://www.youtube.com/channel/UCI0tlAZsaJC3-SDuB-HfZlw', 'channel_id': 'UCI0tlAZsaJC3-SDuB-HfZlw', 'playable_in_embed': False, 'automatic_captions': None, 'subtitles': None, 'chapters': None, 'heatmap': None, 'average_rating': None, 'webpage_url_basename': None, 'extractor': None}",2025-06-21T19:31:44.669553
YouTube,gffW4pRL6tc,10 Golden Rotisserie Chickens Challenge! #foodchallenge,,https://www.youtube.com/watch?v=gffW4pRL6tc,https://i.ytimg.com/vi/gffW4pRL6tc/hq720.jpg?sqp=-oaymwE2COgCEMoBSFXyq4qpAygIARUAAIhCGABwAcABBvABAfgBtgiAAoAPigIMCAAQARhGIFUoZTAP&rs=AOn4CLAqT77L6DDa8M2301RCApzLO9y28g,60,14861259,,,,,Zermatt Neo,@ZermattNeo,,,,,False,False,False,,"{'channel_url': 'https://www.youtube.com/channel/UCZlUAff0s1IbMJlIDrw3TKQ', 'channel_id': 'UCZlUAff0s1IbMJlIDrw3TKQ', 'playable_in_embed': False, 'automatic_captions': None, 'subtitles': None, 'chapters': None, 'heatmap': None, 'average_rating': None, 'webpage_url_basename': None, 'extractor': None}",2025-06-21T19:31:44.669568
YouTube,y_Q_rEkfn5M,Spicy Fried Chicken Eating Show,,https://www.youtube.com/watch?v=y_Q_rEkfn5M,https://i.ytimg.com/vi/y_Q_rEkfn5M/hq720_2.jpg?sqp=-oaymwE2COgCEMoBSFXyq4qpAygIARUAAIhCGABwAcABBvABAfgBzgWAAoAKigIMCAAQARh_ICwoGjAP&rs=AOn4CLDBhYyS_I8xpzIJBqg4jM4Ru6Fd-w,11,312505,,,,,KaranEating,@KaranEating,,,,,False,False,False,,"{'channel_url': 'https://www.youtube.com/channel/UC81ww2samgPyBR7_KikzBtA', 'channel_id': 'UC81ww2samgPyBR7_KikzBtA', 'playable_in_embed': False, 'automatic_captions': None, 'subtitles': None, 'chapters': None, 'heatmap': None, 'average_rating': None, 'webpage_url_basename': None, 'extractor': None}",2025-06-21T19:31:44.669579
YouTube,uVb3FxZZMSg,"BIGBITES, EATING RICE WITH DHONIYA POMFRET, CHINGRI VAPA, GURJALI SORSHE, PARSHER JHAL, PUI SHAK।।",,https://www.youtube.com/watch?v=uVb3FxZZMSg,https://i.ytimg.com/vi/uVb3FxZZMSg/hq720.jpg?sqp=-oaymwE2COgCEMoBSFXyq4qpAygIARUAAIhCGAFwAcABBvABAfgB_gmAAtAFigIMCAAQARhGIE8oZTAP&rs=AOn4CLAH0q4T2rxEtoYXs9YXKbeEoJv55Q,1056,149864,,,,,Hangla ami,@Hanglaami,,,,,False,False,False,,"{'channel_url': 'https://www.youtube.com/channel/UCxVCl-m5kGjZh76JBDUV38w', 'channel_id': 'UCxVCl-m5kGjZh76JBDUV38w', 'playable_in_embed': False, 'automatic_captions': None, 'subtitles': None, 'chapters': None, 'heatmap': None, 'average_rating': None, 'webpage_url_basename': None, 'extractor': None}",2025-06-21T19:31:44.669589
YouTube,34WGxB3v3eo,EATING DELICIOUS PIG EAR WITH FRY RED CHILLY // TRIPURA EATING SHOW.,,https://www.youtube.com/watch?v=34WGxB3v3eo,https://i.ytimg.com/vi/34WGxB3v3eo/hq720.jpg?sqp=-oaymwEcCOgCEMoBSFXyq4qpAw4IARUAAIhCGAFwAcABBg==&rs=AOn4CLAIAfOndB_7qGv6m8DPVrSp5YRtTg,501,560,,,,,B Bowa ,@BBowavlog,,,,,False,False,False,,"{'channel_url': 'https://www.youtube.com/channel/UCVutS3jyYQO_2EILdQaLrFA', 'channel_id': 'UCVutS3jyYQO_2EILdQaLrFA', 'playable_in_embed': False, 'automatic_captions': None, 'subtitles': None, 'chapters': None, 'heatmap': None, 'average_rating': None, 'webpage_url_basename': None, 'extractor': None}",2025-06-21T19:31:44.669598
YouTube,Mn3-8nogk-0,Lunch at Rendevous West @Indivisual_official #food #foodie #college #mukbang #eating #eatingshow,,https://www.youtube.com/watch?v=Mn3-8nogk-0,https://i.ytimg.com/vi/Mn3-8nogk-0/hq720.jpg?sqp=-oaymwE2COgCEMoBSFXyq4qpAygIARUAAIhCGABwAcABBvABAfgBtgiAAoAPigIMCAAQARhlIGQoVTAP&rs=AOn4CLB7nmkIqNGCXQWikDs--AF1OMFMQA,35,24694,,,,,Danielle Chung,@danielledchung,,,,,False,False,False,,"{'channel_url': 'https://www.youtube.com/channel/UC3gqel1BbOljCtkeUw0V9hA', 'channel_id': 'UC3gqel1BbOljCtkeUw0V9hA', 'playable_in_embed': False, 'automatic_captions': None, 'subtitles': None, 'chapters': None, 'heatmap': None, 'average_rating': None, 'webpage_url_basename': None, 'extractor': None}",2025-06-21T19:31:44.669608
YouTube,ro4-kfJYkd4,Matcha🍰Cream🧁Cake ASMR🍰Mukbang Fast Eating Show Challenge,,https://www.youtube.com/watch?v=ro4-kfJYkd4,https://i.ytimg.com/vi/ro4-kfJYkd4/hq720_2.jpg?sqp=-oaymwE2COgCEMoBSFXyq4qpAygIARUAAIhCGABwAcABBvABAfgBtgiAAoAPigIMCAAQARhyIFQoPTAP&rs=AOn4CLBr58zQTyCs7MNo__cKhUrmolfnhw,35,5205100,,,,,Sawayakana Eating Show,@SKES684,,,,,False,False,False,,"{'channel_url': 'https://www.youtube.com/channel/UC27fhrHhpiL2Fwoda8B5lLg', 'channel_id': 'UC27fhrHhpiL2Fwoda8B5lLg', 'playable_in_embed': False, 'automatic_captions': None, 'subtitles': None, 'chapters': None, 'heatmap': None, 'average_rating': None, 'webpage_url_basename': None, 'extractor': None}",2025-06-21T19:31:44.669618
YouTube,k7HIuFj-d8M,MUKBANG Giant Size SPICY Sauce Tteokbokki  BBQ Korean chicken CVS EATING SHOW by HIU 하이유,,https://www.youtube.com/watch?v=k7HIuFj-d8M,https://i.ytimg.com/vi/k7HIuFj-d8M/hq720.jpg?sqp=-oaymwEcCOgCEMoBSFXyq4qpAw4IARUAAIhCGAFwAcABBg==&rs=AOn4CLB1s0M0Lk1lZwr2OAIfIUt1xNB2Yg,607,3619640,,,,,HIU English 하이유 잉글리시 ,@HIUEnglish,,,,,False,False,False,,"{'channel_url': 'https://www.youtube.com/channel/UCMpuf80FwKLHrELwDXqZH4w', 'channel_id': 'UCMpuf80FwKLHrELwDXqZH4w', 'playable_in_embed': False, 'automatic_captions': None, 'subtitles': None, 'chapters': None, 'heatmap': None, 'average_rating': None, 'webpage_url_basename': None, 'extractor': None}",2025-06-21T19:31:44.669627
YouTube,Og9GE5sGgEg,"EATING SHOW , SUNDAY SPECIAL FISH , SHRIMP , FRIES BENGALI THALI MUKBANG",,https://www.youtube.com/watch?v=Og9GE5sGgEg,https://i.ytimg.com/vi/Og9GE5sGgEg/hq720.jpg?sqp=-oaymwEcCOgCEMoBSFXyq4qpAw4IARUAAIhCGAFwAcABBg==&rs=AOn4CLAt6ca1gxxsgLQAwmrM2n1KBLGdpw,875,93006,,,,,food shood with Bijan,@foodshoodwithBijan,,,,,False,False,False,,"{'channel_url': 'https://www.youtube.com/channel/UCPtTtqo36fumupCWDNosIGg', 'channel_id': 'UCPtTtqo36fumupCWDNosIGg', 'playable_in_embed': False, 'automatic_captions': None, 'subtitles': None, 'chapters': None, 'heatmap': None, 'average_rating': None, 'webpage_url_basename': None, 'extractor': None}",2025-06-21T19:31:44.669637
YouTube,ni50Cpa0jBg,TASTY! THE MOST FUN POPSICLE IN CHILDHOOD! | CHINESE FOOD EATING SHOW | FUN MUKBANG ASMR,,https://www.youtube.com/watch?v=ni50Cpa0jBg,https://i.ytimg.com/vi/ni50Cpa0jBg/hq720_2.jpg?sqp=-oaymwE2COgCEMoBSFXyq4qpAygIARUAAIhCGABwAcABBvABAfgBzgWAAoAKigIMCAAQARgsIGUoNTAP&rs=AOn4CLBCMkDWJ7rvDKjm1goXNAuRfYUNtw,14,229993500,,,,,ShiShen Cooking,@ShiShenOfficial,,,,,False,False,False,,"{'channel_url': 'https://www.youtube.com/channel/UCM52Ub3XO52eRMFaaDMH4Vw', 'channel_id': 'UCM52Ub3XO52eRMFaaDMH4Vw', 'playable_in_embed': False, 'automatic_captions': None, 'subtitles': None, 'chapters': None, 'heatmap': None, 'average_rating': None, 'webpage_url_basename': None, 'extractor': None}",2025-06-21T19:31:44.669647
YouTube,e6ZUVvTlJy4,ASMR MUKBANG :) Cheetos Chicken & Cheese Stick & Black Bean Noodle Eating Show!,,https://www.youtube.com/watch?v=e6ZUVvTlJy4,https://i.ytimg.com/vi/e6ZUVvTlJy4/hq720.jpg?sqp=-oaymwEcCOgCEMoBSFXyq4qpAw4IARUAAIhCGAFwAcABBg==&rs=AOn4CLCpqlkxVKgqrPUDmxcCRl-HHCw8kA,612,27312842,,,,,RealMouth MUKBANG,@RealMouth,,,,,False,False,False,,"{'channel_url': 'https://www.youtube.com/channel/UCGa0i7fssw6ZecR8BaulWyA', 'channel_id': 'UCGa0i7fssw6ZecR8BaulWyA', 'playable_in_embed': False, 'automatic_captions': None, 'subtitles': None, 'chapters': None, 'heatmap': None, 'average_rating': None, 'webpage_url_basename': None, 'extractor': None}",2025-06-21T19:31:44.669657
YouTube,8hX4Qxxxo2Y,Handy eating show👄ASMR Eating show✨Emoticon candy #snacks #candy #asmreatingshow #satisfyingasmr #34,,https://www.youtube.com/watch?v=8hX4Qxxxo2Y,https://i.ytimg.com/vi/8hX4Qxxxo2Y/hq720_2.jpg?sqp=-oaymwE2COgCEMoBSFXyq4qpAygIARUAAIhCGABwAcABBvABAfgBtgiAAoAPigIMCAAQARhPIFYoZTAP&rs=AOn4CLAVL9kvV5RW-KjMJ0z5_EEAS54dmg,17,102652096,,,,,MQV,@mqv28,,,,,False,False,False,,"{'channel_url': 'https://www.youtube.com/channel/UCNW0WppqW2GjPFSZAbhUdHA', 'channel_id': 'UCNW0WppqW2GjPFSZAbhUdHA', 'playable_in_embed': False, 'automatic_captions': None, 'subtitles': None, 'chapters': None, 'heatmap': None, 'average_rating': None, 'webpage_url_basename': None, 'extractor': None}",2025-06-21T19:31:44.669667
YouTube,hKvJchtaKT0,"snail fried so yummy , snails recipe , seafood snails #shorts #short #eating 16",,https://www.youtube.com/watch?v=hKvJchtaKT0,https://i.ytimg.com/vi/hKvJchtaKT0/hq720_2.jpg?sqp=-oaymwE2COgCEMoBSFXyq4qpAygIARUAAIhCGABwAcABBvABAfgBtgiAAoAPigIMCAAQARhyIEcoNjAP&rs=AOn4CLDgAtMNYgs8Jo2_aqTv0nh081kO0Q,20,20734228,,,,,asmr mukbang channel,@asmrmukbangchannel,,,,,False,False,False,,"{'channel_url': 'https://www.youtube.com/channel/UCMoC2zkzrgRmYlEONve1L3A', 'channel_id': 'UCMoC2zkzrgRmYlEONve1L3A', 'playable_in_embed': False, 'automatic_captions': None, 'subtitles': None, 'chapters': None, 'heatmap': None, 'average_rating': None, 'webpage_url_basename': None, 'extractor': None}",2025-06-21T19:31:44.669677
YouTube,y4hSg7HpFh0,Random Red Color food MUKBANG2🥵🥩 #shorts,,https://www.youtube.com/watch?v=y4hSg7HpFh0,https://i.ytimg.com/vi/y4hSg7HpFh0/hq720_2.jpg?sqp=-oaymwE2COgCEMoBSFXyq4qpAygIARUAAIhCGABwAcABBvABAfgBtgiAAoAPigIMCAAQARhyIEcoRDAP&rs=AOn4CLAmCMGwDS1aEi2btBDZ7i_r0ORbnA,59,75182943,,,,,CuRe 구래,@cure0721,,,,,False,False,False,,"{'channel_url': 'https://www.youtube.com/channel/UCkLNHZZsC3LKdUAroKNwOOw', 'channel_id': 'UCkLNHZZsC3LKdUAroKNwOOw', 'playable_in_embed': False, 'automatic_captions': None, 'subtitles': None, 'chapters': None, 'heatmap': None, 'average_rating': None, 'webpage_url_basename': None, 'extractor': None}",2025-06-21T19:31:44.669696
YouTube,k00owwU7dJw,Spicy Indian Food ASMR!? 🇮🇳🥵,,https://www.youtube.com/watch?v=k00owwU7dJw,https://i.ytimg.com/vi/k00owwU7dJw/hq720.jpg?sqp=-oaymwE2COgCEMoBSFXyq4qpAygIARUAAIhCGABwAcABBvABAfgBtgiAAoAPigIMCAAQARh_ICAoEzAP&rs=AOn4CLDESHHyrQW_HfwC6bpbTxDdBAgJ2g,41,23371306,,,,,LukeDidThat,@LukeDidThat,,,,,False,False,False,,"{'channel_url': 'https://www.youtube.com/channel/UCnwY6Zz-FjqJEeD1Vv6K0bw', 'channel_id': 'UCnwY6Zz-FjqJEeD1Vv6K0bw', 'playable_in_embed': False, 'automatic_captions': None, 'subtitles': None, 'chapters': None, 'heatmap': None, 'average_rating': None, 'webpage_url_basename': None, 'extractor': None}",2025-06-21T19:31:44.669706
YouTube,7yTV5jGBUG4,asmr 1HOUR EMOJI FOOD CHALLENGE DESSERT MUKBANG 1시간 이모지 챌린지 모음집 eating sounds,,https://www.youtube.com/watch?v=7yTV5jGBUG4,https://i.ytimg.com/vi/7yTV5jGBUG4/hq720.jpg?sqp=-oaymwEcCOgCEMoBSFXyq4qpAw4IARUAAIhCGAFwAcABBg==&rs=AOn4CLC06-N-4sue2Xcr81IedpjLr6HOjw,3745,55909289,,,,,당비 Dangbee EATING,@DangbeeEATING.,,,,,False,False,False,,"{'channel_url': 'https://www.youtube.com/channel/UCDtz84R5bn4fY8AgHuouojg', 'channel_id': 'UCDtz84R5bn4fY8AgHuouojg', 'playable_in_embed': False, 'automatic_captions': None, 'subtitles': None, 'chapters': None, 'heatmap': None, 'average_rating': None, 'webpage_url_basename': None, 'extractor': None}",2025-06-21T19:31:44.669716
YouTube,5br6NoeSSQA,Best of Bayashi Foods | MUKBANG | COOKING | ASMR,,https://www.youtube.com/watch?v=5br6NoeSSQA,https://i.ytimg.com/vi/5br6NoeSSQA/hq720.jpg?sqp=-oaymwEcCOgCEMoBSFXyq4qpAw4IARUAAIhCGAFwAcABBg==&rs=AOn4CLAmZpyK2l_X8Rc6WCggpHvf0sJg6A,2999,6287836,,,,,Bayashi TV,@BayashiTV_,,,,,False,False,False,,"{'channel_url': 'https://www.youtube.com/channel/UCbCJmNKAL85O1VFeD6Wj60g', 'channel_id': 'UCbCJmNKAL85O1VFeD6Wj60g', 'playable_in_embed': False, 'automatic_captions': None, 'subtitles': None, 'chapters': None, 'heatmap': None, 'average_rating': None, 'webpage_url_basename': None, 'extractor': None}",2025-06-21T19:31:44.669725
YouTube,n_z94Y3w9Q0,Giant Blue Takis ASMR  **LUKEDIDTHAT** Extreme Giant SPICY Food (Compilation),,https://www.youtube.com/watch?v=n_z94Y3w9Q0,https://i.ytimg.com/vi/n_z94Y3w9Q0/hq720.jpg?sqp=-oaymwEcCOgCEMoBSFXyq4qpAw4IARUAAIhCGAFwAcABBg==&rs=AOn4CLDM-RrVQpmj-4jJrYQPFnwzkU4EmA,945,4106066,,,,,DopaMEME,@dopamemeYT,,,,,False,False,False,,"{'channel_url': 'https://www.youtube.com/channel/UC82uotnhSBIjkAQ4B5B8-Zw', 'channel_id': 'UC82uotnhSBIjkAQ4B5B8-Zw', 'playable_in_embed': False, 'automatic_captions': None, 'subtitles': None, 'chapters': None, 'heatmap': None, 'average_rating': None, 'webpage_url_basename': None, 'extractor': None}",2025-06-21T19:31:44.669735
YouTube,wbMIg9ihAyU,How to eat Nutella Sandwich MOM vs KID ASMR,,https://www.youtube.com/watch?v=wbMIg9ihAyU,https://i.ytimg.com/vi/wbMIg9ihAyU/hq720.jpg?sqp=-oaymwE2COgCEMoBSFXyq4qpAygIARUAAIhCGABwAcABBvABAfgBtgiAAoAPigIMCAAQARh_IEgoJTAP&rs=AOn4CLAwMvUAHqDwS_27wlH45kg4MLwcIg,26,1370669,,,,,McBang ASMR,@McBangASMR,,,,,False,False,False,,"{'channel_url': 'https://www.youtube.com/channel/UCzXipoEpmE2VVOWtuTGc_Hw', 'channel_id': 'UCzXipoEpmE2VVOWtuTGc_Hw', 'playable_in_embed': False, 'automatic_captions': None, 'subtitles': None, 'chapters': None, 'heatmap': None, 'average_rating': None, 'webpage_url_basename': None, 'extractor': None}",2025-06-21T19:31:44.669745
YouTube,MVuHRhaub5A,Wingstop feast again! 🔥🍗 #mukbang #asmr #food,,https://www.youtube.com/watch?v=MVuHRhaub5A,https://i.ytimg.com/vi/MVuHRhaub5A/hq720.jpg?sqp=-oaymwE2COgCEMoBSFXyq4qpAygIARUAAIhCGABwAcABBvABAfgBtgiAAoAPigIMCAAQARheIF4oXjAP&rs=AOn4CLC1PqW0LTAE1TTC0eDZXRy3FzKNRA,36,2820779,,,,,Moe Eatss,@MoeEatss,,,,,False,False,False,,"{'channel_url': 'https://www.youtube.com/channel/UCEwep7eTfP6dRmjhsdGdHqg', 'channel_id': 'UCEwep7eTfP6dRmjhsdGdHqg', 'playable_in_embed': False, 'automatic_captions': None, 'subtitles': None, 'chapters': None, 'heatmap': None, 'average_rating': None, 'webpage_url_basename': None, 'extractor': None}",2025-06-21T19:31:44.669754
YouTube,Odor6c4F2To,Spicy Pink Food ASMR!? 🥵,,https://www.youtube.com/watch?v=Odor6c4F2To,https://i.ytimg.com/vi/Odor6c4F2To/hq720_2.jpg?sqp=-oaymwE2COgCEMoBSFXyq4qpAygIARUAAIhCGABwAcABBvABAfgBtgiAAoAPigIMCAAQARh_IBMoSzAP&rs=AOn4CLByqIoXbgJlhg_RJwTIXgVdjMwLXg,36,54155628,,,,,LukeDidThat,@LukeDidThat,,,,,False,False,False,,"{'channel_url': 'https://www.youtube.com/channel/UCnwY6Zz-FjqJEeD1Vv6K0bw', 'channel_id': 'UCnwY6Zz-FjqJEeD1Vv6K0bw', 'playable_in_embed': False, 'automatic_captions': None, 'subtitles': None, 'chapters': None, 'heatmap': None, 'average_rating': None, 'webpage_url_basename': None, 'extractor': None}",2025-06-21T19:31:44.669764
YouTube,muTW6eyt2A0,u know sahur? italian brainrot emoji asmr mukbang (sped up),,https://www.youtube.com/watch?v=muTW6eyt2A0,https://i.ytimg.com/vi/muTW6eyt2A0/hq720.jpg?sqp=-oaymwE2COgCEMoBSFXyq4qpAygIARUAAIhCGABwAcABBvABAfgBtgiAAoAPigIMCAAQARhlIGUoZTAP&rs=AOn4CLB8FkomNTkE3SYbS8G5EobBxhXg0w,50,2014140,,,,,Bunny EATING 바니,@Bunny_EATING0,,,,,False,False,False,,"{'channel_url': 'https://www.youtube.com/channel/UCjdfxCeAhDSWBqdgkkiKITg', 'channel_id': 'UCjdfxCeAhDSWBqdgkkiKITg', 'playable_in_embed': False, 'automatic_captions': None, 'subtitles': None, 'chapters': None, 'heatmap': None, 'average_rating': None, 'webpage_url_basename': None, 'extractor': None}",2025-06-21T19:31:44.669773
YouTube,OhQiyyTuzXA,ASMR Cooking & Eating Compilation: Best of Zach Choi Food #2,,https://www.youtube.com/watch?v=OhQiyyTuzXA,https://i.ytimg.com/vi/OhQiyyTuzXA/hq720.jpg?sqp=-oaymwEcCOgCEMoBSFXyq4qpAw4IARUAAIhCGAFwAcABBg==&rs=AOn4CLCEducq0HW9kwpBdJEiJQ1WraHLew,908,8075381,,,,,Zach Choi,@ZachChoi,,,,,False,False,False,,"{'channel_url': 'https://www.youtube.com/channel/UCI78AdiI6f7VKhqW1i4B3Rw', 'channel_id': 'UCI78AdiI6f7VKhqW1i4B3Rw', 'playable_in_embed': False, 'automatic_captions': None, 'subtitles': None, 'chapters': None, 'heatmap': None, 'average_rating': None, 'webpage_url_basename': None, 'extractor': None}",2025-06-21T19:31:44.669783
YouTube,vppU1h1v2Os,1 HOUR COMPILATION Satisfying ASMR Mukbang Eating  먹방,,https://www.youtube.com/watch?v=vppU1h1v2Os,https://i.ytimg.com/vi/vppU1h1v2Os/hq720.jpg?sqp=-oaymwEcCOgCEMoBSFXyq4qpAw4IARUAAIhCGAFwAcABBg==&rs=AOn4CLDtaS_ElHPI0wgT2A-yHIpeubaPjw,3602,3113327,,,,,Satisfying Lips,@SatisfyingLips,,,,,False,False,False,,"{'channel_url': 'https://www.youtube.com/channel/UCtMq7I55sZJcvaWac2-z4Sw', 'channel_id': 'UCtMq7I55sZJcvaWac2-z4Sw', 'playable_in_embed': False, 'automatic_captions': None, 'subtitles': None, 'chapters': None, 'heatmap': None, 'average_rating': None, 'webpage_url_basename': None, 'extractor': None}",2025-06-21T19:31:44.669792
YouTube,YTcACmX7Zrk,Giant Korean Food ASMR!? 🥵,,https://www.youtube.com/watch?v=YTcACmX7Zrk,https://i.ytimg.com/vi/YTcACmX7Zrk/hq720_2.jpg?sqp=-oaymwE2COgCEMoBSFXyq4qpAygIARUAAIhCGABwAcABBvABAfgBtgiAAoAPigIMCAAQARhlIGUoZTAP&rs=AOn4CLDpncRb7_HSOv7mY27i_cfW55HKOQ,36,26462032,,,,,LukeDidThat,@LukeDidThat,,,,,False,False,False,,"{'channel_url': 'https://www.youtube.com/channel/UCnwY6Zz-FjqJEeD1Vv6K0bw', 'channel_id': 'UCnwY6Zz-FjqJEeD1Vv6K0bw', 'playable_in_embed': False, 'automatic_captions': None, 'subtitles': None, 'chapters': None, 'heatmap': None, 'average_rating': None, 'webpage_url_basename': None, 'extractor': None}",2025-06-21T19:31:44.669801
YouTube,wu6D98l7WQ8,Giant Mexican Food ASMR!? 🇲🇽🥵,,https://www.youtube.com/watch?v=wu6D98l7WQ8,https://i.ytimg.com/vi/wu6D98l7WQ8/hq720.jpg?sqp=-oaymwE2COgCEMoBSFXyq4qpAygIARUAAIhCGABwAcABBvABAfgBtgiAAoAPigIMCAAQARhlIEsoSTAP&rs=AOn4CLDiY8Tsn2orIUpiBFk35-u6LQ2nYg,50,3807671,,,,,LukeDidThat,@LukeDidThat,,,,,False,False,False,,"{'channel_url': 'https://www.youtube.com/channel/UCnwY6Zz-FjqJEeD1Vv6K0bw', 'channel_id': 'UCnwY6Zz-FjqJEeD1Vv6K0bw', 'playable_in_embed': False, 'automatic_captions': None, 'subtitles': None, 'chapters': None, 'heatmap': None, 'average_rating': None, 'webpage_url_basename': None, 'extractor': None}",2025-06-21T19:31:44.669811
YouTube,aJeepDtNkwE,Food ASMR Eating a Sonic Popsicle and All Blue Snacks!,,https://www.youtube.com/watch?v=aJeepDtNkwE,https://i.ytimg.com/vi/aJeepDtNkwE/hq720_2.jpg?sqp=-oaymwE2COgCEMoBSFXyq4qpAygIARUAAIhCGABwAcABBvABAfgBjAKAAuADigIMCAAQARgbIFIofzAP&rs=AOn4CLBGmW_uekxsIGLJ9A9pRVdkJQp8CA,58,82738965,,,,,Bader Al Safar,@baderalsafar,,,,,False,False,False,,"{'channel_url': 'https://www.youtube.com/channel/UC42AMmteep9j7RAR2FuV4bw', 'channel_id': 'UC42AMmteep9j7RAR2FuV4bw', 'playable_in_embed': False, 'automatic_captions': None, 'subtitles': None, 'chapters': None, 'heatmap': None, 'average_rating': None, 'webpage_url_basename': None, 'extractor': None}",2025-06-21T19:31:44.669821
YouTube,_6DxILlfFEw,Rainbow Food Challenge ASMR With Baby 👶🏻🌈 #asmr #funny #mukbang #newborn,,https://www.youtube.com/watch?v=_6DxILlfFEw,https://i.ytimg.com/vi/_6DxILlfFEw/hq720.jpg?sqp=-oaymwE2COgCEMoBSFXyq4qpAygIARUAAIhCGABwAcABBvABAfgBtgiAAoAPigIMCAAQARhlIE4oRzAP&rs=AOn4CLBbd10PsFexoMYenBxeF1IGaMS3hA,51,4647323,,,,,TwinKle Couple,@twinklecouple6,,,,,False,False,False,,"{'channel_url': 'https://www.youtube.com/channel/UCxCxmmjFbHz7Ief3m87MQOA', 'channel_id': 'UCxCxmmjFbHz7Ief3m87MQOA', 'playable_in_embed': False, 'automatic_captions': None, 'subtitles': None, 'chapters': None, 'heatmap': None, 'average_rating': None, 'webpage_url_basename': None, 'extractor': None}",2025-06-21T19:31:44.669831
YouTube,KK01-FCrG54,Have lunch with me🥢 #asmr #food #asmrfood #shorts #noodles #chicken #stisfyingvideo,,https://www.youtube.com/watch?v=KK01-FCrG54,https://i.ytimg.com/vi/KK01-FCrG54/hq720.jpg?sqp=-oaymwE2COgCEMoBSFXyq4qpAygIARUAAIhCGABwAcABBvABAfgBtgiAAoAPigIMCAAQARh_IEcoHDAP&rs=AOn4CLBH-C9gARgCE-uVF2pydfaanOvdlQ,48,3583904,,,,,Caya,@Caya-l9y,,,,,False,False,False,,"{'channel_url': 'https://www.youtube.com/channel/UCyTH1UOnaQtDLEy4cwYvrkQ', 'channel_id': 'UCyTH1UOnaQtDLEy4cwYvrkQ', 'playable_in_embed': False, 'automatic_captions': None, 'subtitles': None, 'chapters': None, 'heatmap': None, 'average_rating': None, 'webpage_url_basename': None, 'extractor': None}",2025-06-21T19:31:44.669842
YouTube,5Hlmj9RyJww,Extreme Spicy Color Food + ASMR,,https://www.youtube.com/watch?v=5Hlmj9RyJww,https://i.ytimg.com/vi/5Hlmj9RyJww/hq720.jpg?sqp=-oaymwEcCOgCEMoBSFXyq4qpAw4IARUAAIhCGAFwAcABBg==&rs=AOn4CLAoLUgyTjSF2DU4Fvts8mbIjmTtGw,653,23979739,,,,,Spizee,@spizee,,,,,False,False,False,,"{'channel_url': 'https://www.youtube.com/channel/UCtM58H2QaTXTi7OIRAVgAGg', 'channel_id': 'UCtM58H2QaTXTi7OIRAVgAGg', 'playable_in_embed': False, 'automatic_captions': None, 'subtitles': None, 'chapters': None, 'heatmap': None, 'average_rating': None, 'webpage_url_basename': None, 'extractor': None}",2025-06-21T19:31:44.669857
YouTube,Eo3jOJaa8r0,Giant Roblox Food Emoji ASMR!? 🤤🍔,,https://www.youtube.com/watch?v=Eo3jOJaa8r0,https://i.ytimg.com/vi/Eo3jOJaa8r0/hq720.jpg?sqp=-oaymwE2COgCEMoBSFXyq4qpAygIARUAAIhCGABwAcABBvABAfgBtgiAAoAPigIMCAAQARhlIE8oSjAP&rs=AOn4CLBcyD3Dcrqp5fkzpwrTPfmuWjcIxQ,38,63180291,,,,,Spizee,@spizee,,,,,False,False,False,,"{'channel_url': 'https://www.youtube.com/channel/UCtM58H2QaTXTi7OIRAVgAGg', 'channel_id': 'UCtM58H2QaTXTi7OIRAVgAGg', 'playable_in_embed': False, 'automatic_captions': None, 'subtitles': None, 'chapters': None, 'heatmap': None, 'average_rating': None, 'webpage_url_basename': None, 'extractor': None}",2025-06-21T19:31:44.669867
YouTube,GDpzCmp5Jmc,"ASMR TEAL GALAXY FOOD MUKBANG, HONEYCOMB, PIPETTE SQUEEZE DRINK, JELLY SYRINGE, SPRINKLES 먹방",,https://www.youtube.com/watch?v=GDpzCmp5Jmc,https://i.ytimg.com/vi/GDpzCmp5Jmc/hq720.jpg?sqp=-oaymwEcCOgCEMoBSFXyq4qpAw4IARUAAIhCGAFwAcABBg==&rs=AOn4CLDlkFrTpeHDcVweOS32i-K9hZnopg,856,9570393,,,,,HunniBee ASMR,@HunniBeeASMR,,,,,False,False,False,,"{'channel_url': 'https://www.youtube.com/channel/UCB7Te5Pb6LOTFV7i0Rzp8dg', 'channel_id': 'UCB7Te5Pb6LOTFV7i0Rzp8dg', 'playable_in_embed': False, 'automatic_captions': None, 'subtitles': None, 'chapters': None, 'heatmap': None, 'average_rating': None, 'webpage_url_basename': None, 'extractor': None}",2025-06-21T19:31:44.669877
YouTube,g6yOku1WuH0,Adult VS Child Emoji Food Challenge ASMR 🥵boba tea bubble tea🧋 #asmr #funny #mukbang,,https://www.youtube.com/watch?v=g6yOku1WuH0,https://i.ytimg.com/vi/g6yOku1WuH0/hq720.jpg?sqp=-oaymwE2COgCEMoBSFXyq4qpAygIARUAAIhCGABwAcABBvABAfgBtgiAAoAPigIMCAAQARhlIFYoWTAP&rs=AOn4CLCZkI77YkL5ESIxFizAIZGUXf9tgw,48,10049785,,,,,TwinKle Couple,@twinklecouple6,,,,,False,False,False,,"{'channel_url': 'https://www.youtube.com/channel/UCxCxmmjFbHz7Ief3m87MQOA', 'channel_id': 'UCxCxmmjFbHz7Ief3m87MQOA', 'playable_in_embed': False, 'automatic_captions': None, 'subtitles': None, 'chapters': None, 'heatmap': None, 'average_rating': None, 'webpage_url_basename': None, 'extractor': None}",2025-06-21T19:31:44.669886
YouTube,jwt_UzMKVcI,carbo buldak ramen with buldak mac and cheese gratin #asmr #koreanfood,,https://www.youtube.com/watch?v=jwt_UzMKVcI,https://i.ytimg.com/vi/jwt_UzMKVcI/hq720.jpg?sqp=-oaymwE3COgCEMoBSFXyq4qpAykIARUAAIhCGABwAcABBvABAfgBtgiAAoAPigINCAAQARiMASBQKBUwDw==&rs=AOn4CLAoQ43Ii9X1ccTcER9b6MHWE-xcRQ,15,16975004,,,,,Kkonbini,@Kkonbini,,,,,False,False,False,,"{'channel_url': 'https://www.youtube.com/channel/UCD_ZnMtQyV7EdB_gB6b70zg', 'channel_id': 'UCD_ZnMtQyV7EdB_gB6b70zg', 'playable_in_embed': False, 'automatic_captions': None, 'subtitles': None, 'chapters': None, 'heatmap': None, 'average_rating': None, 'webpage_url_basename': None, 'extractor': None}",2025-06-21T19:31:44.669896
YouTube,MnynbzZkdLE,이탈리안 브레인롯이 먹방유튜버가 된다면? 2탄,,https://www.youtube.com/watch?v=MnynbzZkdLE,https://i.ytimg.com/vi/MnynbzZkdLE/hq720.jpg?sqp=-oaymwE2COgCEMoBSFXyq4qpAygIARUAAIhCGABwAcABBvABAfgBtgiAAoAPigIMCAAQARhyIFwoRTAP&rs=AOn4CLC3sqt2N-PIHUx9coNO5EPhdNFjhw,26,1882404,,,,,누나얌,@누나얌_nunayam,,,,,False,False,False,,"{'channel_url': 'https://www.youtube.com/channel/UCJd60F2H6x-93uPSVRTjTGw', 'channel_id': 'UCJd60F2H6x-93uPSVRTjTGw', 'playable_in_embed': False, 'automatic_captions': None, 'subtitles': None, 'chapters': None, 'heatmap': None, 'average_rating': None, 'webpage_url_basename': None, 'extractor': None}",2025-06-21T19:31:44.669905
YouTube,Ot9C76FY5Nw,이탈리안 브레인롯이 먹방 유튜버가 된다면?,,https://www.youtube.com/watch?v=Ot9C76FY5Nw,https://i.ytimg.com/vi/Ot9C76FY5Nw/hq720_2.jpg?sqp=-oaymwE2COgCEMoBSFXyq4qpAygIARUAAIhCGABwAcABBvABAfgBtgiAAoAPigIMCAAQARh_ID4oFzAP&rs=AOn4CLBKOIHfp9F9DEuXzSAKOOcCaAiR-w,25,1731048,,,,,누나얌,@누나얌_nunayam,,,,,False,False,False,,"{'channel_url': 'https://www.youtube.com/channel/UCJd60F2H6x-93uPSVRTjTGw', 'channel_id': 'UCJd60F2H6x-93uPSVRTjTGw', 'playable_in_embed': False, 'automatic_captions': None, 'subtitles': None, 'chapters': None, 'heatmap': None, 'average_rating': None, 'webpage_url_basename': None, 'extractor': None}",2025-06-21T19:31:44.669916
YouTube,V-saoohFQWA,쉼없이 먹는 3일동안 7kg 증량 홍콩 먹방 브이로그,,https://www.youtube.com/watch?v=V-saoohFQWA,https://i.ytimg.com/vi/V-saoohFQWA/hq720.jpg?sqp=-oaymwEcCOgCEMoBSFXyq4qpAw4IARUAAIhCGAFwAcABBg==&rs=AOn4CLBPHPFJFNL2lHLRYDSO2Rd-Xzu9-A,905,19484,,,,,돼끼 baby_pig_rabbit,,,,,,False,False,False,,"{'channel_url': 'https://www.youtube.com/channel/UCW-QBEmxsme2FAONSnTjp-g', 'channel_id': 'UCW-QBEmxsme2FAONSnTjp-g', 'playable_in_embed': False, 'automatic_captions': None, 'subtitles': None, 'chapters': None, 'heatmap': None, 'average_rating': None, 'webpage_url_basename': None, 'extractor': None}",2025-06-21T19:31:44.669925
YouTube,Fl-l0SC9QQ8,"우열을 가릴 수 없는 먹방계 1티어🔥 봐도봐도 놀라운 입짧은햇님X쯔양X히밥의 먹방 모음🤩｜할명수, 술트리트파이터, 오늘도 삽질 하이라이트",,https://www.youtube.com/watch?v=Fl-l0SC9QQ8,https://i.ytimg.com/vi/Fl-l0SC9QQ8/hq720.jpg?sqp=-oaymwEcCOgCEMoBSFXyq4qpAw4IARUAAIhCGAFwAcABBg==&rs=AOn4CLArxZQcdQEvhliLtCTHEwvsxf0oLg,2014,308913,,,,,스튜디오 훜 : STUDIO HOOK,@studioHOOK,,,,,False,False,False,,"{'channel_url': 'https://www.youtube.com/channel/UCah-d4pYWd5UT6xFbUZgFtg', 'channel_id': 'UCah-d4pYWd5UT6xFbUZgFtg', 'playable_in_embed': False, 'automatic_captions': None, 'subtitles': None, 'chapters': None, 'heatmap': None, 'average_rating': None, 'webpage_url_basename': None, 'extractor': None}",2025-06-21T19:31:44.669935
YouTube,kidKW3vKFUU,새로나온 새우 진짬뽕 15개 도전먹방 김치 라면 먹방 korean noodles ramen mukbang eating show,,https://www.youtube.com/watch?v=kidKW3vKFUU,https://i.ytimg.com/vi/kidKW3vKFUU/hq720.jpg?sqp=-oaymwEcCOgCEMoBSFXyq4qpAw4IARUAAIhCGAFwAcABBg==&rs=AOn4CLDMntDmNSMlFiDsLfc4VMUwsiSKIA,969,37487,,,,,면상호[NoodleFighter],@noodlefighter,,,,,False,False,False,,"{'channel_url': 'https://www.youtube.com/channel/UCX1iUx9aO9d57NC3aNU3qlA', 'channel_id': 'UCX1iUx9aO9d57NC3aNU3qlA', 'playable_in_embed': False, 'automatic_captions': None, 'subtitles': None, 'chapters': None, 'heatmap': None, 'average_rating': None, 'webpage_url_basename': None, 'extractor': None}",2025-06-21T19:31:44.669944
YouTube,CUsbPesGdXM,보통 사람들은 여기서 음식 시키면 대부분 남긴다는데.. 히밥님은 진짜로 한끼에 다 먹을 수 있나요?,,https://www.youtube.com/watch?v=CUsbPesGdXM,https://i.ytimg.com/vi/CUsbPesGdXM/hq720.jpg?sqp=-oaymwEcCOgCEMoBSFXyq4qpAw4IARUAAIhCGAFwAcABBg==&rs=AOn4CLCRzbjL5k-ghjgf8wW0ygGs_klieQ,792,327140,,,,,히밥heebab,@heebab,,,,,False,False,False,,"{'channel_url': 'https://www.youtube.com/channel/UCA6KBBX8cLwYZNepxlE_7SA', 'channel_id': 'UCA6KBBX8cLwYZNepxlE_7SA', 'playable_in_embed': False, 'automatic_captions': None, 'subtitles': None, 'chapters': None, 'heatmap': None, 'average_rating': None, 'webpage_url_basename': None, 'extractor': None}",2025-06-21T19:31:44.669954
YouTube,eCWzk6tqs_o,인생 첫 후라이드 치킨을 맛본 비건,,https://www.youtube.com/watch?v=eCWzk6tqs_o,https://i.ytimg.com/vi/eCWzk6tqs_o/hq720.jpg?sqp=-oaymwE2COgCEMoBSFXyq4qpAygIARUAAIhCGABwAcABBvABAfgBtgiAAoAPigIMCAAQARhTIGAoZTAP&rs=AOn4CLAz_IeyzTs1RQg3lGetLSEY9sIuVw,36,7713286,,,,,지구별,@채널지구별,,,,,False,False,False,,"{'channel_url': 'https://www.youtube.com/channel/UCl8yma_qCrfxOeOjtzrOsPw', 'channel_id': 'UCl8yma_qCrfxOeOjtzrOsPw', 'playable_in_embed': False, 'automatic_captions': None, 'subtitles': None, 'chapters': None, 'heatmap': None, 'average_rating': None, 'webpage_url_basename': None, 'extractor': None}",2025-06-21T19:31:44.669963
YouTube,pk3fsV2jRPI,젓가락질 한번으로 한 그릇 클리어하는 최홍만 ㄷㄷ (2010),,https://www.youtube.com/watch?v=pk3fsV2jRPI,https://i.ytimg.com/vi/pk3fsV2jRPI/hq720.jpg?sqp=-oaymwE2COgCEMoBSFXyq4qpAygIARUAAIhCGABwAcABBvABAfgBtgiAAoAPigIMCAAQARhyIFEoOTAP&rs=AOn4CLDPNE4mvJYUlCR5M45vfBNhcLWGPA,26,4026568,,,,,esports KBS,@esportsKBS,,,,,False,False,False,,"{'channel_url': 'https://www.youtube.com/channel/UC9_093tAK3bXyZfT84efbvg', 'channel_id': 'UC9_093tAK3bXyZfT84efbvg', 'playable_in_embed': False, 'automatic_captions': None, 'subtitles': None, 'chapters': None, 'heatmap': None, 'average_rating': None, 'webpage_url_basename': None, 'extractor': None}",2025-06-21T19:31:44.669974
YouTube,BhlXkw7PPKI,ASMR STOPMOTION Pink Blue Color Food Mukbang with SLIME!!,,https://www.youtube.com/watch?v=BhlXkw7PPKI,https://i.ytimg.com/vi/BhlXkw7PPKI/hq720.jpg?sqp=-oaymwEcCOgCEMoBSFXyq4qpAw4IARUAAIhCGAFwAcABBg==&rs=AOn4CLAJn3aPIu1viyypVd0KZK2PZuj-Fg,254,360658,,,,,진영예술가Artist Jinyoung,@ArtistJinyoung,,,,,False,False,False,,"{'channel_url': 'https://www.youtube.com/channel/UCasLYkCZlvVqMhrTMwoUBRQ', 'channel_id': 'UCasLYkCZlvVqMhrTMwoUBRQ', 'playable_in_embed': False, 'automatic_captions': None, 'subtitles': None, 'chapters': None, 'heatmap': None, 'average_rating': None, 'webpage_url_basename': None, 'extractor': None}",2025-06-21T19:31:44.669983
YouTube,3xwe31l0gOY,"""혼자서 다 못 먹어!"" 라면 5개 혼자서 다 못 먹을거란 사장님 앞에서 먹방쇼 하고 왔습니다🔥",,https://www.youtube.com/watch?v=3xwe31l0gOY,https://i.ytimg.com/vi/3xwe31l0gOY/hq720.jpg?sqp=-oaymwEcCOgCEMoBSFXyq4qpAw4IARUAAIhCGAFwAcABBg==&rs=AOn4CLDT4sx25n9y458V5akW1YOMtSVCOg,737,159806,,,,,유노-Yuno,@유노-Yuno,,,,,False,False,False,,"{'channel_url': 'https://www.youtube.com/channel/UCtzeKLNCQK6-5WI5gKTOC7g', 'channel_id': 'UCtzeKLNCQK6-5WI5gKTOC7g', 'playable_in_embed': False, 'automatic_captions': None, 'subtitles': None, 'chapters': None, 'heatmap': None, 'average_rating': None, 'webpage_url_basename': None, 'extractor': None}",2025-06-21T19:31:44.669993
YouTube,mB3VctG-nWg,"Makanai 15th stage that no one succeeded... 🙄 Spicy, ramen, challenge eating show.",,https://www.youtube.com/watch?v=mB3VctG-nWg,https://i.ytimg.com/vi/mB3VctG-nWg/hq720.jpg?sqp=-oaymwEcCOgCEMoBSFXyq4qpAw4IARUAAIhCGAFwAcABBg==&rs=AOn4CLAcEaWSQcjovgL1413ZmmwhF0cE2A,1083,111408,,,,,나나먹방 Nana mukbang,@나나먹방Nanamukbang,,,,,False,False,False,,"{'channel_url': 'https://www.youtube.com/channel/UC2_hzdvP-j569djTquAed_Q', 'channel_id': 'UC2_hzdvP-j569djTquAed_Q', 'playable_in_embed': False, 'automatic_captions': None, 'subtitles': None, 'chapters': None, 'heatmap': None, 'average_rating': None, 'webpage_url_basename': None, 'extractor': None}",2025-06-21T19:31:44.670002
YouTube,UnWZb5y4Z5s,엄마 몰래 마라탕 먹기🤫 #컨셉 #삐야기 #먹방 #ASMR #마라탕,,https://www.youtube.com/watch?v=UnWZb5y4Z5s,https://i.ytimg.com/vi/UnWZb5y4Z5s/hq720.jpg?sqp=-oaymwE2COgCEMoBSFXyq4qpAygIARUAAIhCGABwAcABBvABAfgBtgiAAoAPigIMCAAQARh_IEwoITAP&rs=AOn4CLBB4hwxzuz0DdpeKTVzbGPlwHW3Sg,34,99341,,,,,삐야기,@삐야기,,,,,False,False,False,,"{'channel_url': 'https://www.youtube.com/channel/UC3wA0h62pmP7wxSGRNMQTvQ', 'channel_id': 'UC3wA0h62pmP7wxSGRNMQTvQ', 'playable_in_embed': False, 'automatic_captions': None, 'subtitles': None, 'chapters': None, 'heatmap': None, 'average_rating': None, 'webpage_url_basename': None, 'extractor': None}",2025-06-21T19:31:44.670012
YouTube,_H6K-f9k3C8,히안하게 칠게 먹는 40대 아저씨,,https://www.youtube.com/watch?v=_H6K-f9k3C8,https://i.ytimg.com/vi/_H6K-f9k3C8/hq720.jpg?sqp=-oaymwE2COgCEMoBSFXyq4qpAygIARUAAIhCGABwAcABBvABAfgBtgiAAoAPigIMCAAQARhPIFMoZTAP&rs=AOn4CLD0pjtnBCgZJexmGoblrnmIU3ZPIg,40,430429,,,,,애주가TV참PD,,,,,,False,False,False,,"{'channel_url': 'https://www.youtube.com/channel/UC5oft5dVf43M2cFmhpJLVGQ', 'channel_id': 'UC5oft5dVf43M2cFmhpJLVGQ', 'playable_in_embed': False, 'automatic_captions': None, 'subtitles': None, 'chapters': None, 'heatmap': None, 'average_rating': None, 'webpage_url_basename': None, 'extractor': None}",2025-06-21T19:31:44.670021
YouTube,ViVXzJl-2hk,이탈리안브레인롯 먹방유튜버가 된다면? #ai #이탈리안브레인롯,,https://www.youtube.com/watch?v=ViVXzJl-2hk,https://i.ytimg.com/vi/ViVXzJl-2hk/hq720.jpg?sqp=-oaymwE2COgCEMoBSFXyq4qpAygIARUAAIhCGABwAcABBvABAfgBtgiAAoAPigIMCAAQARhyIFYoMzAP&rs=AOn4CLDTBu3WPxv3eQVigGP2o0DxYNQz1A,24,371573,,,,,상상키우기,@Ai그림채널,,,,,False,False,False,,"{'channel_url': 'https://www.youtube.com/channel/UCOZ_6GbooRaQUsHcsSWXjsA', 'channel_id': 'UCOZ_6GbooRaQUsHcsSWXjsA', 'playable_in_embed': False, 'automatic_captions': None, 'subtitles': None, 'chapters': None, 'heatmap': None, 'average_rating': None, 'webpage_url_basename': None, 'extractor': None}",2025-06-21T19:31:44.670031
YouTube,BONd1z9EnZg,로미핑이 먹방 유튜버라면? 💖🍗🍫 #캐치티니핑 #티니핑ai #티니핑먹방 #먹방,,https://www.youtube.com/watch?v=BONd1z9EnZg,https://i.ytimg.com/vi/BONd1z9EnZg/hq720.jpg?sqp=-oaymwE2COgCEMoBSFXyq4qpAygIARUAAIhCGABwAcABBvABAfgBzgWAAoAKigIMCAAQARh_IEgoJjAP&rs=AOn4CLAV3ysX7MANdkdLFGqdPn3lwvL9tQ,34,17366,,,,,윤채로운 TV,@윤채로운TV,,,,,False,False,False,,"{'channel_url': 'https://www.youtube.com/channel/UCSO4mxEeQnKoKnCcmAEoFoA', 'channel_id': 'UCSO4mxEeQnKoKnCcmAEoFoA', 'playable_in_embed': False, 'automatic_captions': None, 'subtitles': None, 'chapters': None, 'heatmap': None, 'average_rating': None, 'webpage_url_basename': None, 'extractor': None}",2025-06-21T19:31:44.670041
YouTube,288mcMtAFaw,발레리나 카푸치나가 이모티콘 먹방을 한다면~!?,,https://www.youtube.com/watch?v=288mcMtAFaw,https://i.ytimg.com/vi/288mcMtAFaw/hq720.jpg?sqp=-oaymwE2COgCEMoBSFXyq4qpAygIARUAAIhCGABwAcABBvABAfgBtgiAAoAPigIMCAAQARh_IFcoLTAP&rs=AOn4CLAXY8cAEgCCTITCPd0ooUuomW8IVw,26,558356,,,,,누나얌,@누나얌_nunayam,,,,,False,False,False,,"{'channel_url': 'https://www.youtube.com/channel/UCJd60F2H6x-93uPSVRTjTGw', 'channel_id': 'UCJd60F2H6x-93uPSVRTjTGw', 'playable_in_embed': False, 'automatic_captions': None, 'subtitles': None, 'chapters': None, 'heatmap': None, 'average_rating': None, 'webpage_url_basename': None, 'extractor': None}",2025-06-21T19:31:44.670050
YouTube,Bv1aG8kRjXw,Limited edition fruit rice cake! Fruit mochi! Emoji mukbang!!,,https://www.youtube.com/watch?v=Bv1aG8kRjXw,https://i.ytimg.com/vi/Bv1aG8kRjXw/hq720.jpg?sqp=-oaymwE2COgCEMoBSFXyq4qpAygIARUAAIhCGABwAcABBvABAfgBtgiAAoAPigIMCAAQARhyIFIoMTAP&rs=AOn4CLDgRrnPcqoBtUSX2t5jbRceJKksug,59,113482,,,,,톡톡시아 Toctocsia,@toctocsia,,,,,False,False,False,,"{'channel_url': 'https://www.youtube.com/channel/UCtwIQuacIhDO8v-ZpQuDxKg', 'channel_id': 'UCtwIQuacIhDO8v-ZpQuDxKg', 'playable_in_embed': False, 'automatic_captions': None, 'subtitles': None, 'chapters': None, 'heatmap': None, 'average_rating': None, 'webpage_url_basename': None, 'extractor': None}",2025-06-21T19:31:44.670060
YouTube,8NFfvVP_a3A,김치찌개와 여름을,,https://www.youtube.com/watch?v=8NFfvVP_a3A,https://i.ytimg.com/vi/8NFfvVP_a3A/hq720.jpg?sqp=-oaymwEcCOgCEMoBSFXyq4qpAw4IARUAAIhCGAFwAcABBg==&rs=AOn4CLAw55cv8JYbXXzo0Gv1s9td2W39Hw,700,95757,,,,,엽동,@yeopdong,,,,,False,False,False,,"{'channel_url': 'https://www.youtube.com/channel/UCflhJ_M35sFyC6agKg0jgnw', 'channel_id': 'UCflhJ_M35sFyC6agKg0jgnw', 'playable_in_embed': False, 'automatic_captions': None, 'subtitles': None, 'chapters': None, 'heatmap': None, 'average_rating': None, 'webpage_url_basename': None, 'extractor': None}",2025-06-21T19:31:44.670070
YouTube,Yb6tHihp7yU,Crispy Seasoned Spicy Chicken & Meat Cheese Balls | Mukbang ASMR,,https://www.youtube.com/watch?v=Yb6tHihp7yU,https://i.ytimg.com/vi/Yb6tHihp7yU/hq720.jpg?sqp=-oaymwEcCOgCEMoBSFXyq4qpAw4IARUAAIhCGAFwAcABBg==&rs=AOn4CLDLxBkCuAH3U3_CUm6IgmMyXMAeBQ,394,848172,,,,,문복희 Eat with Boki,@EatwithBoki,,,,,False,False,False,,"{'channel_url': 'https://www.youtube.com/channel/UCoLQZ4ZClFqVPCvvjuiUSRA', 'channel_id': 'UCoLQZ4ZClFqVPCvvjuiUSRA', 'playable_in_embed': False, 'automatic_captions': None, 'subtitles': None, 'chapters': None, 'heatmap': None, 'average_rating': None, 'webpage_url_basename': None, 'extractor': None}",2025-06-21T19:31:44.670080
YouTube,PbiBQIc2cwA,감옥가기전 마지막 긴음식 먹방,,https://www.youtube.com/watch?v=PbiBQIc2cwA,https://i.ytimg.com/vi/PbiBQIc2cwA/hq720.jpg?sqp=-oaymwE2COgCEMoBSFXyq4qpAygIARUAAIhCGABwAcABBvABAfgBtgiAAoAPigIMCAAQARhlIFcoVDAP&rs=AOn4CLC4YX4FTLRj7KxDwcpapDGMvIFf2w,56,802660,,,,,인싸가족,@inssafamily,,,,,False,False,False,,"{'channel_url': 'https://www.youtube.com/channel/UCgY7PwYABVXoOWk8K_zODGQ', 'channel_id': 'UCgY7PwYABVXoOWk8K_zODGQ', 'playable_in_embed': False, 'automatic_captions': None, 'subtitles': None, 'chapters': None, 'heatmap': None, 'average_rating': None, 'webpage_url_basename': None, 'extractor': None}",2025-06-21T19:31:44.670093
YouTube,NKFYZvTxpCE,SPICY NOODLE CHALLENGE (I HAVE A KID?),,https://www.youtube.com/watch?v=NKFYZvTxpCE,https://i.ytimg.com/vi/NKFYZvTxpCE/hq720.jpg?sqp=-oaymwE2COgCEMoBSFXyq4qpAygIARUAAIhCGAFwAcABBvABAfgB_gmAAtAFigIMCAAQARhyIE4oRTAP&rs=AOn4CLC8l-s_7Q1MX_iTnZM7cTQXbn6FQg,1166,6786,,,,,KillSMartyr,@killsmartyr.,,,,,False,False,False,,"{'channel_url': 'https://www.youtube.com/channel/UCidLFkzJXIwpE5nJkhrgN9w', 'channel_id': 'UCidLFkzJXIwpE5nJkhrgN9w', 'playable_in_embed': False, 'automatic_captions': None, 'subtitles': None, 'chapters': None, 'heatmap': None, 'average_rating': None, 'webpage_url_basename': None, 'extractor': None}",2025-06-21T19:31:44.670102
YouTube,JfjvZ_Auog4,Quattro Cheesy Spicy Buldak Noodles,,https://www.youtube.com/watch?v=JfjvZ_Auog4,https://i.ytimg.com/vi/JfjvZ_Auog4/hq720_2.jpg?sqp=-oaymwE2COgCEMoBSFXyq4qpAygIARUAAIhCGABwAcABBvABAfgBzgWAAoAKigIMCAAQARhlIEcoQDAP&rs=AOn4CLDxiQtmQk7eeG4J9UV_4_kn0njZWw,28,2146602,,,,,Spice King,@spicyycam,,,,,False,False,False,,"{'channel_url': 'https://www.youtube.com/channel/UC3P8f5TZu7yjvXcEcD7PHrw', 'channel_id': 'UC3P8f5TZu7yjvXcEcD7PHrw', 'playable_in_embed': False, 'automatic_captions': None, 'subtitles': None, 'chapters': None, 'heatmap': None, 'average_rating': None, 'webpage_url_basename': None, 'extractor': None}",2025-06-21T19:31:44.670112
YouTube,O3bEtOdvZ7E,Spicy Noodle Challenge | Kids Try | HiHo Kids,,https://www.youtube.com/watch?v=O3bEtOdvZ7E,https://i.ytimg.com/vi/O3bEtOdvZ7E/hq720.jpg?sqp=-oaymwEcCOgCEMoBSFXyq4qpAw4IARUAAIhCGAFwAcABBg==&rs=AOn4CLBFCk5gCGYDXUVCUUKrQhwdlj12sQ,283,10073128,,,,,HiHo Kids,@hihokids,,,,,False,False,False,,"{'channel_url': 'https://www.youtube.com/channel/UCqa2MPu8bLY1PwVFUpSyVhQ', 'channel_id': 'UCqa2MPu8bLY1PwVFUpSyVhQ', 'playable_in_embed': False, 'automatic_captions': None, 'subtitles': None, 'chapters': None, 'heatmap': None, 'average_rating': None, 'webpage_url_basename': None, 'extractor': None}",2025-06-21T19:31:44.670122
YouTube,k7BtVz2k2iY,KOREAN FIRE RAMEN + TAKIS! 🥵,,https://www.youtube.com/watch?v=k7BtVz2k2iY,https://i.ytimg.com/vi/k7BtVz2k2iY/hq720_2.jpg?sqp=-oaymwE2COgCEMoBSFXyq4qpAygIARUAAIhCGABwAcABBvABAfgBzgWAAoAKigIMCAAQARhlIF0oTTAP&rs=AOn4CLAwDCF_MQzF54jeUxIMKgOzBGbk3A,43,17249335,,,,,LukeDidThat,@LukeDidThat,,,,,False,False,False,,"{'channel_url': 'https://www.youtube.com/channel/UCnwY6Zz-FjqJEeD1Vv6K0bw', 'channel_id': 'UCnwY6Zz-FjqJEeD1Vv6K0bw', 'playable_in_embed': False, 'automatic_captions': None, 'subtitles': None, 'chapters': None, 'heatmap': None, 'average_rating': None, 'webpage_url_basename': None, 'extractor': None}",2025-06-21T19:31:44.670132
YouTube,vegyc0yeh3g,EXTREME 2X NUCLEAR FIRE SPICY NOODLES + TTEBOKI,,https://www.youtube.com/watch?v=vegyc0yeh3g,https://i.ytimg.com/vi/vegyc0yeh3g/hq720.jpg?sqp=-oaymwEcCOgCEMoBSFXyq4qpAw4IARUAAIhCGAFwAcABBg==&rs=AOn4CLANNi25uMZujFRdGu6XeHyCoBEPTA,1400,2016129,,,,,The queens family,@thequeensfamily7017,,,,,False,False,False,,"{'channel_url': 'https://www.youtube.com/channel/UCdr8Ndv-TIGott2v5z34nYQ', 'channel_id': 'UCdr8Ndv-TIGott2v5z34nYQ', 'playable_in_embed': False, 'automatic_captions': None, 'subtitles': None, 'chapters': None, 'heatmap': None, 'average_rating': None, 'webpage_url_basename': None, 'extractor': None}",2025-06-21T19:31:44.670142
YouTube,aTOvAOpByqk,Parents & Kids Try the Spicy Noodle Challenge | Kids Try | HiHo Kids,,https://www.youtube.com/watch?v=aTOvAOpByqk,https://i.ytimg.com/vi/aTOvAOpByqk/hq720.jpg?sqp=-oaymwEcCOgCEMoBSFXyq4qpAw4IARUAAIhCGAFwAcABBg==&rs=AOn4CLA6SKUO7Sj0Gd6eiMvufnZYTzYg3g,308,12527195,,,,,HiHo Kids,@hihokids,,,,,False,False,False,,"{'channel_url': 'https://www.youtube.com/channel/UCqa2MPu8bLY1PwVFUpSyVhQ', 'channel_id': 'UCqa2MPu8bLY1PwVFUpSyVhQ', 'playable_in_embed': False, 'automatic_captions': None, 'subtitles': None, 'chapters': None, 'heatmap': None, 'average_rating': None, 'webpage_url_basename': None, 'extractor': None}",2025-06-21T19:31:44.670152
YouTube,79Tt89R6p3k,British Firefighters try Korean Fire Noodles for the first time!!,,https://www.youtube.com/watch?v=79Tt89R6p3k,https://i.ytimg.com/vi/79Tt89R6p3k/hq720.jpg?sqp=-oaymwEcCOgCEMoBSFXyq4qpAw4IARUAAIhCGAFwAcABBg==&rs=AOn4CLBzHoxDxoo3eNusTOLSsO6_W25wlw,403,3182351,,,,,영국남자 Korean Englishman,@koreanenglishman,,,,,False,False,False,,"{'channel_url': 'https://www.youtube.com/channel/UCg-p3lQIqmhh7gHpyaOmOiQ', 'channel_id': 'UCg-p3lQIqmhh7gHpyaOmOiQ', 'playable_in_embed': False, 'automatic_captions': None, 'subtitles': None, 'chapters': None, 'heatmap': None, 'average_rating': None, 'webpage_url_basename': None, 'extractor': None}",2025-06-21T19:31:44.670162
YouTube,3H4ZS8yx3mQ,MOST PAINFUL SPICY THAI NOODLE SOUP CHALLENGE (Spice Level 20) | Joel Hansen,,https://www.youtube.com/watch?v=3H4ZS8yx3mQ,https://i.ytimg.com/vi/3H4ZS8yx3mQ/hq720.jpg?sqp=-oaymwEcCOgCEMoBSFXyq4qpAw4IARUAAIhCGAFwAcABBg==&rs=AOn4CLAOSux6iuK2m5fZhToVx-hJkwl56Q,2201,315488,,,,,Joel Hansen,@JoelHansen,,,,,False,False,False,,"{'channel_url': 'https://www.youtube.com/channel/UC_9I8ulL_v4SvsXwiVKlzqw', 'channel_id': 'UC_9I8ulL_v4SvsXwiVKlzqw', 'playable_in_embed': False, 'automatic_captions': None, 'subtitles': None, 'chapters': None, 'heatmap': None, 'average_rating': None, 'webpage_url_basename': None, 'extractor': None}",2025-06-21T19:31:44.670172
YouTube,UQcDg3QWlLs,Setting up a spicy noodle challenge for my cousins,,https://www.youtube.com/watch?v=UQcDg3QWlLs,https://i.ytimg.com/vi/UQcDg3QWlLs/hq720.jpg?sqp=-oaymwE2COgCEMoBSFXyq4qpAygIARUAAIhCGABwAcABBvABAfgBtgiAAoAPigIMCAAQARhlIFooSDAP&rs=AOn4CLD1kryJXg4gjlI1eHR75BHgdMJJPA,51,1814452,,,,,Lisa Nguyen,@LisaNguyen,,,,,False,False,False,,"{'channel_url': 'https://www.youtube.com/channel/UCJQVsC3XcvuRMRr-jD_kTPw', 'channel_id': 'UCJQVsC3XcvuRMRr-jD_kTPw', 'playable_in_embed': False, 'automatic_captions': None, 'subtitles': None, 'chapters': None, 'heatmap': None, 'average_rating': None, 'webpage_url_basename': None, 'extractor': None}",2025-06-21T19:31:44.670182
YouTube,Z7UpfSdhl-o,Eating the Worlds SPICIEST Noodles - Korean Noodle Challenge,,https://www.youtube.com/watch?v=Z7UpfSdhl-o,https://i.ytimg.com/vi/Z7UpfSdhl-o/hq720.jpg?sqp=-oaymwEcCOgCEMoBSFXyq4qpAw4IARUAAIhCGAFwAcABBg==&rs=AOn4CLCZelhNTrxlB0c8yA9mbvbH_inDfQ,847,9691841,,,,,FaZe Rug,@rug,,,,,False,False,False,,"{'channel_url': 'https://www.youtube.com/channel/UCilwZiBBfI9X6yiZRzWty8Q', 'channel_id': 'UCilwZiBBfI9X6yiZRzWty8Q', 'playable_in_embed': False, 'automatic_captions': None, 'subtitles': None, 'chapters': None, 'heatmap': None, 'average_rating': None, 'webpage_url_basename': None, 'extractor': None}",2025-06-21T19:31:44.670191
YouTube,ugElBfp0j98,The Try Guys EXTREME Spicy Noodle Challenge,,https://www.youtube.com/watch?v=ugElBfp0j98,https://i.ytimg.com/vi/ugElBfp0j98/hq720.jpg?sqp=-oaymwEcCOgCEMoBSFXyq4qpAw4IARUAAIhCGAFwAcABBg==&rs=AOn4CLDk9QahrRYmYKb32-IBFtMMmJ_5rw,1204,17025773,,,,,The Try Guys,@tryguys,,,,,False,False,False,,"{'channel_url': 'https://www.youtube.com/channel/UCpi8TJfiA4lKGkaXs__YdBA', 'channel_id': 'UCpi8TJfiA4lKGkaXs__YdBA', 'playable_in_embed': False, 'automatic_captions': None, 'subtitles': None, 'chapters': None, 'heatmap': None, 'average_rating': None, 'webpage_url_basename': None, 'extractor': None}",2025-06-21T19:31:44.670201
YouTube,F3a_Wzmt0y0,Trying the Spicy Fire Noodles Challenge,,https://www.youtube.com/watch?v=F3a_Wzmt0y0,https://i.ytimg.com/vi/F3a_Wzmt0y0/hq720.jpg?sqp=-oaymwEcCOgCEMoBSFXyq4qpAw4IARUAAIhCGAFwAcABBg==&rs=AOn4CLDjmsX9CXk5-RSDfjuA8DoLP9xKLA,1076,3207524,,,,,Jake Webber,@Jakewebber9,,,,,False,False,False,,"{'channel_url': 'https://www.youtube.com/channel/UCzfScS0MkYf1EHTPFCYt79Q', 'channel_id': 'UCzfScS0MkYf1EHTPFCYt79Q', 'playable_in_embed': False, 'automatic_captions': None, 'subtitles': None, 'chapters': None, 'heatmap': None, 'average_rating': None, 'webpage_url_basename': None, 'extractor': None}",2025-06-21T19:31:44.670210
YouTube,404IU0oeMiw,Why I haven't been uploading... (Orochon S #2 Ramen Challenge),,https://www.youtube.com/watch?v=404IU0oeMiw,https://i.ytimg.com/vi/404IU0oeMiw/hq720.jpg?sqp=-oaymwEcCOgCEMoBSFXyq4qpAw4IARUAAIhCGAFwAcABBg==&rs=AOn4CLAbIhwSJViglgHw_xNUpxWxavWxEw,489,7694041,,,,,Matt Stonie,@mattstonie,,,,,False,False,False,,"{'channel_url': 'https://www.youtube.com/channel/UCd1fLoVFooPeWqCEYVUJZqg', 'channel_id': 'UCd1fLoVFooPeWqCEYVUJZqg', 'playable_in_embed': False, 'automatic_captions': None, 'subtitles': None, 'chapters': None, 'heatmap': None, 'average_rating': None, 'webpage_url_basename': None, 'extractor': None}",2025-06-21T19:31:44.670219
YouTube,obiszPFcIUw,The World's Spiciest Ramen (10 Packs),,https://www.youtube.com/watch?v=obiszPFcIUw,https://i.ytimg.com/vi/obiszPFcIUw/hq720.jpg?sqp=-oaymwEcCOgCEMoBSFXyq4qpAw4IARUAAIhCGAFwAcABBg==&rs=AOn4CLCvqsSg3sHPshAMjEU4xj0vYAFc7Q,305,3787112,,,,,Matt Stonie,@mattstonie,,,,,False,False,False,,"{'channel_url': 'https://www.youtube.com/channel/UCd1fLoVFooPeWqCEYVUJZqg', 'channel_id': 'UCd1fLoVFooPeWqCEYVUJZqg', 'playable_in_embed': False, 'automatic_captions': None, 'subtitles': None, 'chapters': None, 'heatmap': None, 'average_rating': None, 'webpage_url_basename': None, 'extractor': None}",2025-06-21T19:31:44.670228
YouTube,GBoLPFkcEeA,9 Million Scoville Spicy Ramen Noodle Challenge | L.A. BEAST,,https://www.youtube.com/watch?v=GBoLPFkcEeA,https://i.ytimg.com/vi/GBoLPFkcEeA/hq720.jpg?sqp=-oaymwEcCOgCEMoBSFXyq4qpAw4IARUAAIhCGAFwAcABBg==&rs=AOn4CLAePTO4x8Gp8-KaqxUmWlKRrwQO7A,695,7345100,,,,,skippy62able,@LABEAST,,,,,False,False,False,,"{'channel_url': 'https://www.youtube.com/channel/UCDZESjYAwh-ws7ZSZZ8DKeg', 'channel_id': 'UCDZESjYAwh-ws7ZSZZ8DKeg', 'playable_in_embed': False, 'automatic_captions': None, 'subtitles': None, 'chapters': None, 'heatmap': None, 'average_rating': None, 'webpage_url_basename': None, 'extractor': None}",2025-06-21T19:31:44.670238
YouTube,q8b3aIta4CQ,4X SPICY MALA FIRE NOODLE CHALLENGE!!,,https://www.youtube.com/watch?v=q8b3aIta4CQ,https://i.ytimg.com/vi/q8b3aIta4CQ/hq720.jpg?sqp=-oaymwEcCOgCEMoBSFXyq4qpAw4IARUAAIhCGAFwAcABBg==&rs=AOn4CLBa8SiAVCjunrIFX-KRpLwJ98DRBw,626,53659667,,,,,hyuneeEats,@hyuneeEats,,,,,False,False,False,,"{'channel_url': 'https://www.youtube.com/channel/UCkS6mJ0i2oMdHEdR-Jpw9Ug', 'channel_id': 'UCkS6mJ0i2oMdHEdR-Jpw9Ug', 'playable_in_embed': False, 'automatic_captions': None, 'subtitles': None, 'chapters': None, 'heatmap': None, 'average_rating': None, 'webpage_url_basename': None, 'extractor': None}",2025-06-21T19:31:44.670248
YouTube,I4_n-KG3wwI,2x Spicy Samyang Fire Noodles Challenge 🔥,,https://www.youtube.com/watch?v=I4_n-KG3wwI,https://i.ytimg.com/vi/I4_n-KG3wwI/hq720_2.jpg?sqp=-oaymwE2COgCEMoBSFXyq4qpAygIARUAAIhCGABwAcABBvABAfgBtgiAAoAPigIMCAAQARh_IEIoEzAP&rs=AOn4CLASdd95CLykOtPoEFv8airm9cVGAw,16,7423911,,,,,McBang ASMR,@McBangASMR,,,,,False,False,False,,"{'channel_url': 'https://www.youtube.com/channel/UCzXipoEpmE2VVOWtuTGc_Hw', 'channel_id': 'UCzXipoEpmE2VVOWtuTGc_Hw', 'playable_in_embed': False, 'automatic_captions': None, 'subtitles': None, 'chapters': None, 'heatmap': None, 'average_rating': None, 'webpage_url_basename': None, 'extractor': None}",2025-06-21T19:31:44.670258
YouTube,iKoiBSaUuNE,"Spicy Noodle Challenge, No Drinking Water😱🌶️🥵 #spicynoodles #challenge #spicy #cry #gonewrong",,https://www.youtube.com/watch?v=iKoiBSaUuNE,https://i.ytimg.com/vi/iKoiBSaUuNE/hq720.jpg?sqp=-oaymwEcCOgCEMoBSFXyq4qpAw4IARUAAIhCGAFwAcABBg==&rs=AOn4CLA6TTxVpfuopD1bTHlH7NXQUdx26g,327,941429,,,,,eslis,@eslielsa,,,,,False,False,False,,"{'channel_url': 'https://www.youtube.com/channel/UCUlFo1jlYURiV2_ldmeP2Ag', 'channel_id': 'UCUlFo1jlYURiV2_ldmeP2Ag', 'playable_in_embed': False, 'automatic_captions': None, 'subtitles': None, 'chapters': None, 'heatmap': None, 'average_rating': None, 'webpage_url_basename': None, 'extractor': None}",2025-06-21T19:31:44.670268
YouTube,pLxVuQK9FSY,The Try Guys Korean FIRE Noodle Challenge,,https://www.youtube.com/watch?v=pLxVuQK9FSY,https://i.ytimg.com/vi/pLxVuQK9FSY/hq720.jpg?sqp=-oaymwEcCOgCEMoBSFXyq4qpAw4IARUAAIhCGAFwAcABBg==&rs=AOn4CLA-9o81yekK0KY2XqZRmNN9KjMHiQ,1296,9111136,,,,,The Try Guys,@tryguys,,,,,False,False,False,,"{'channel_url': 'https://www.youtube.com/channel/UCpi8TJfiA4lKGkaXs__YdBA', 'channel_id': 'UCpi8TJfiA4lKGkaXs__YdBA', 'playable_in_embed': False, 'automatic_captions': None, 'subtitles': None, 'chapters': None, 'heatmap': None, 'average_rating': None, 'webpage_url_basename': None, 'extractor': None}",2025-06-21T19:31:44.670279
YouTube,DrlKqMZV-Hc,Spicy ramen challenge #buldak #spicyfood,,https://www.youtube.com/watch?v=DrlKqMZV-Hc,https://i.ytimg.com/vi/DrlKqMZV-Hc/hq720.jpg?sqp=-oaymwE2COgCEMoBSFXyq4qpAygIARUAAIhCGABwAcABBvABAfgBzgWAAoAKigIMCAAQARh_IEEoIDAP&rs=AOn4CLBqiN0DecKAT79E6R9Omcj8QNq5dQ,61,760043,,,,,Kitty Foodie,@kittyfoodieyt,,,,,False,False,False,,"{'channel_url': 'https://www.youtube.com/channel/UCrxn8Jn33K7OQO0aSm3QN4w', 'channel_id': 'UCrxn8Jn33K7OQO0aSm3QN4w', 'playable_in_embed': False, 'automatic_captions': None, 'subtitles': None, 'chapters': None, 'heatmap': None, 'average_rating': None, 'webpage_url_basename': None, 'extractor': None}",2025-06-21T19:31:44.670289
YouTube,sxPsTODB0p4,Eat a 104oz 30-Inch Philly Cheesesteak Sandwich to Break Carnival Cafe’s Challenge Record!!,,https://www.youtube.com/watch?v=sxPsTODB0p4,https://i9.ytimg.com/vi/sxPsTODB0p4/hq720_custom_2.jpg?sqp=CKjV3cIG-oaymwEcCOgCEMoBSFXyq4qpAw4IARUAAIhCGAFwAcABBg==&rs=AOn4CLAzbrUshMaHvp32LMdrpV7OLLBH4w,910,221673,,,,,Randy Santel,@RandySantel,,,,,False,False,False,,"{'channel_url': 'https://www.youtube.com/channel/UCMJlGrPk73l9U6qahc8D_gA', 'channel_id': 'UCMJlGrPk73l9U6qahc8D_gA', 'playable_in_embed': False, 'automatic_captions': None, 'subtitles': None, 'chapters': None, 'heatmap': None, 'average_rating': None, 'webpage_url_basename': None, 'extractor': None}",2025-06-21T19:31:44.670300
YouTube,1mH-3fI4pcg,THE LEGENDARY ALASKAN KING CRAB CHALLENGE THAT COST $260 | Joel Hansen,,https://www.youtube.com/watch?v=1mH-3fI4pcg,https://i9.ytimg.com/vi/1mH-3fI4pcg/hq720_custom_2.jpg?sqp=CKjV3cIG-oaymwEcCOgCEMoBSFXyq4qpAw4IARUAAIhCGAFwAcABBg==&rs=AOn4CLBbq7qPeLiwRAkTbWm99x2tkSS0aA,2049,244041,,,,,Joel Hansen,@JoelHansen,,,,,False,False,False,,"{'channel_url': 'https://www.youtube.com/channel/UC_9I8ulL_v4SvsXwiVKlzqw', 'channel_id': 'UC_9I8ulL_v4SvsXwiVKlzqw', 'playable_in_embed': False, 'automatic_captions': None, 'subtitles': None, 'chapters': None, 'heatmap': None, 'average_rating': None, 'webpage_url_basename': None, 'extractor': None}",2025-06-21T19:31:44.670310
YouTube,ExGq0hYt2GE,Eating CARTOON character’s favourite food for 24 hours #foodchallenge #thakursisters,,https://www.youtube.com/watch?v=ExGq0hYt2GE,https://i.ytimg.com/vi/ExGq0hYt2GE/hq720.jpg?sqp=-oaymwEcCOgCEMoBSFXyq4qpAw4IARUAAIhCGAFwAcABBg==&rs=AOn4CLC0W4aCKs5HPVkaruyOEpEC0Z4jyw,616,6240,,,,,Thakur Sisters,@TheThakurSisters,,,,,False,False,False,,"{'channel_url': 'https://www.youtube.com/channel/UCl90rgsYqIKsVHDJLHqKp_Q', 'channel_id': 'UCl90rgsYqIKsVHDJLHqKp_Q', 'playable_in_embed': False, 'automatic_captions': None, 'subtitles': None, 'chapters': None, 'heatmap': None, 'average_rating': None, 'webpage_url_basename': None, 'extractor': None}",2025-06-21T19:31:44.670320
YouTube,AacxAQjl8bg,Me vs Grandma Cooking Challenge | Parenting Hacks by Bubba DO Challenge,,https://www.youtube.com/watch?v=AacxAQjl8bg,https://i.ytimg.com/vi/AacxAQjl8bg/hq720.jpg?sqp=-oaymwEcCOgCEMoBSFXyq4qpAw4IARUAAIhCGAFwAcABBg==&rs=AOn4CLCaH0C8Gzxsxp4DrNvr1YV34dHP2w,14762,1517995,,,,,Bubba DO,@BubbaDOChallenge,,,,,False,False,False,,"{'channel_url': 'https://www.youtube.com/channel/UCOWr9atawGzDd5AvP_8qegQ', 'channel_id': 'UCOWr9atawGzDd5AvP_8qegQ', 'playable_in_embed': False, 'automatic_captions': None, 'subtitles': None, 'chapters': None, 'heatmap': None, 'average_rating': None, 'webpage_url_basename': None, 'extractor': None}",2025-06-21T19:31:44.670330
YouTube,qbVf5U7aPbQ,Me vs Grandma Cooking Challenge | Kitchen Hacks and Tricks by 4Teen Challenge,,https://www.youtube.com/watch?v=qbVf5U7aPbQ,https://i.ytimg.com/vi/qbVf5U7aPbQ/hq720.jpg?sqp=-oaymwEcCOgCEMoBSFXyq4qpAw4IARUAAIhCGAFwAcABBg==&rs=AOn4CLAIwgaQabkFpaRmGCYgCTjJ_rnIlQ,1729,7868173,,,,,4Teen Challenge,@4TeenChallengeEng,,,,,False,False,False,,"{'channel_url': 'https://www.youtube.com/channel/UC-rhtOEonrzUNe5BOS9a9yA', 'channel_id': 'UC-rhtOEonrzUNe5BOS9a9yA', 'playable_in_embed': False, 'automatic_captions': None, 'subtitles': None, 'chapters': None, 'heatmap': None, 'average_rating': None, 'webpage_url_basename': None, 'extractor': None}",2025-06-21T19:31:44.670339
YouTube,SHVAXf7zVA0,I Ate Only FAMILY SIZED Fast Food Meals For a Day,,https://www.youtube.com/watch?v=SHVAXf7zVA0,https://i.ytimg.com/vi/SHVAXf7zVA0/hq720.jpg?sqp=-oaymwEcCOgCEMoBSFXyq4qpAw4IARUAAIhCGAFwAcABBg==&rs=AOn4CLAsFlBZANXPEJeVa14uimDiI-0P2g,1007,19953690,,,,,ErikTheElectric,@ErikTheElectric,,,,,False,False,False,,"{'channel_url': 'https://www.youtube.com/channel/UC6huXz0F6-7KA7-mW0jdejA', 'channel_id': 'UC6huXz0F6-7KA7-mW0jdejA', 'playable_in_embed': False, 'automatic_captions': None, 'subtitles': None, 'chapters': None, 'heatmap': None, 'average_rating': None, 'webpage_url_basename': None, 'extractor': None}",2025-06-21T19:31:44.670348
YouTube,nT4uW2Mym7E,"No Woman Had Ever Beaten The Quadruple ""Smashed & Loaded"" Burger Challenge!",,https://www.youtube.com/watch?v=nT4uW2Mym7E,https://i.ytimg.com/vi/nT4uW2Mym7E/hq720.jpg?sqp=-oaymwEcCOgCEMoBSFXyq4qpAw4IARUAAIhCGAFwAcABBg==&rs=AOn4CLCG91UaPA0dVPqlQToOSgbhGB05Hg,594,723413,,,,,Katina Eats Kilos,@KatinaEatsKilos,,,,,False,False,False,,"{'channel_url': 'https://www.youtube.com/channel/UCyfrEmiyq0Bv46gpxKTMcQg', 'channel_id': 'UCyfrEmiyq0Bv46gpxKTMcQg', 'playable_in_embed': False, 'automatic_captions': None, 'subtitles': None, 'chapters': None, 'heatmap': None, 'average_rating': None, 'webpage_url_basename': None, 'extractor': None}",2025-06-21T19:31:44.670358
YouTube,xyyvbaKc6dc,1950's AMERICAN DINER 8lb 'MAC MOUNTAIN' FOOD CHALLENGE! | @leahshutkever,,https://www.youtube.com/watch?v=xyyvbaKc6dc,https://i.ytimg.com/vi/xyyvbaKc6dc/hq720.jpg?sqp=-oaymwEcCOgCEMoBSFXyq4qpAw4IARUAAIhCGAFwAcABBg==&rs=AOn4CLCue-P0GRlsAbMQtFu3XTBl1Kny4g,622,186008,,,,,Leah Shutkever,@LeahShutkever,,,,,False,False,False,,"{'channel_url': 'https://www.youtube.com/channel/UC0dlQ2xYj2kw7BiE1HAygLw', 'channel_id': 'UC0dlQ2xYj2kw7BiE1HAygLw', 'playable_in_embed': False, 'automatic_captions': None, 'subtitles': None, 'chapters': None, 'heatmap': None, 'average_rating': None, 'webpage_url_basename': None, 'extractor': None}",2025-06-21T19:31:44.670367
YouTube,YKZLTo93ULY,The World's BIGGEST Chinese Food Platter Challenge!,,https://www.youtube.com/watch?v=YKZLTo93ULY,https://i.ytimg.com/vi/YKZLTo93ULY/hq720.jpg?sqp=-oaymwEcCOgCEMoBSFXyq4qpAw4IARUAAIhCGAFwAcABBg==&rs=AOn4CLDo5ct_Mvar7N5kuxloTOXQFkJtWg,635,6684379,,,,,ErikTheElectric,@ErikTheElectric,,,,,False,False,False,,"{'channel_url': 'https://www.youtube.com/channel/UC6huXz0F6-7KA7-mW0jdejA', 'channel_id': 'UC6huXz0F6-7KA7-mW0jdejA', 'playable_in_embed': False, 'automatic_captions': None, 'subtitles': None, 'chapters': None, 'heatmap': None, 'average_rating': None, 'webpage_url_basename': None, 'extractor': None}",2025-06-21T19:31:44.670377
YouTube,t1s6JG7VAqc,$540 Beast Burger Challenge! 6KG Burger Eaten in 30mins! #foodchallenge,,https://www.youtube.com/watch?v=t1s6JG7VAqc,https://i.ytimg.com/vi/t1s6JG7VAqc/hq720.jpg?sqp=-oaymwE2COgCEMoBSFXyq4qpAygIARUAAIhCGABwAcABBvABAfgBtgiAAoAPigIMCAAQARh_IE8oFjAP&rs=AOn4CLDwEXteq6fnMPZFA3GzVyD5zPjQ6A,58,4368386,,,,,Zermatt Neo,@ZermattNeo,,,,,False,False,False,,"{'channel_url': 'https://www.youtube.com/channel/UCZlUAff0s1IbMJlIDrw3TKQ', 'channel_id': 'UCZlUAff0s1IbMJlIDrw3TKQ', 'playable_in_embed': False, 'automatic_captions': None, 'subtitles': None, 'chapters': None, 'heatmap': None, 'average_rating': None, 'webpage_url_basename': None, 'extractor': None}",2025-06-21T19:31:44.670386
YouTube,rtc5yfwH6Vk,Big OR Small!? 🤤 (Food Challenge),,https://www.youtube.com/watch?v=rtc5yfwH6Vk,https://i.ytimg.com/vi/rtc5yfwH6Vk/hq720_2.jpg?sqp=-oaymwE2COgCEMoBSFXyq4qpAygIARUAAIhCGABwAcABBvABAfgBtgiAAoAPigIMCAAQARhlIE4oTTAP&rs=AOn4CLDxsYuGa_AffmcDGOLrTdXoXqUCew,41,9546596,,,,,LukeDidThat,@LukeDidThat,,,,,False,False,False,,"{'channel_url': 'https://www.youtube.com/channel/UCnwY6Zz-FjqJEeD1Vv6K0bw', 'channel_id': 'UCnwY6Zz-FjqJEeD1Vv6K0bw', 'playable_in_embed': False, 'automatic_captions': None, 'subtitles': None, 'chapters': None, 'heatmap': None, 'average_rating': None, 'webpage_url_basename': None, 'extractor': None}",2025-06-21T19:31:44.670395
YouTube,Jykd2SptIP4,THE BEST STEAK CHALLENGE I'VE EVER ATTEMPTED! | BeardMeatsFood,,https://www.youtube.com/watch?v=Jykd2SptIP4,https://i.ytimg.com/vi/Jykd2SptIP4/hq720.jpg?sqp=-oaymwEcCOgCEMoBSFXyq4qpAw4IARUAAIhCGAFwAcABBg==&rs=AOn4CLB9pBPcYa1-wMxDIqS7XL2rRaQucw,593,4560838,,,,,BeardMeatsFood,@Beardmeatsfood,,,,,False,False,False,,"{'channel_url': 'https://www.youtube.com/channel/UCc9CjaAjsMMvaSghZB7-Kog', 'channel_id': 'UCc9CjaAjsMMvaSghZB7-Kog', 'playable_in_embed': False, 'automatic_captions': None, 'subtitles': None, 'chapters': None, 'heatmap': None, 'average_rating': None, 'webpage_url_basename': None, 'extractor': None}",2025-06-21T19:31:44.670406
YouTube,vSJsb2VT5NA,Shaq's BIGGEST McDonalds Order (Challenge),,https://www.youtube.com/watch?v=vSJsb2VT5NA,https://i.ytimg.com/vi/vSJsb2VT5NA/hq720.jpg?sqp=-oaymwEcCOgCEMoBSFXyq4qpAw4IARUAAIhCGAFwAcABBg==&rs=AOn4CLB5PAjK_BSQj8j9Cfffu60fvwYMZg,162,2566998,,,,,Matt Stonie,@mattstonie,,,,,False,False,False,,"{'channel_url': 'https://www.youtube.com/channel/UCd1fLoVFooPeWqCEYVUJZqg', 'channel_id': 'UCd1fLoVFooPeWqCEYVUJZqg', 'playable_in_embed': False, 'automatic_captions': None, 'subtitles': None, 'chapters': None, 'heatmap': None, 'average_rating': None, 'webpage_url_basename': None, 'extractor': None}",2025-06-21T19:31:44.670415
YouTube,OJ7jWJNHL2Y,HUNDREDS HAVE FAILED THE SPICY 'STEEL CURTAIN' CHALLENGE OVER THE LAST DECADE! | BeardMeatsFood,,https://www.youtube.com/watch?v=OJ7jWJNHL2Y,https://i.ytimg.com/vi/OJ7jWJNHL2Y/hq720.jpg?sqp=-oaymwEcCOgCEMoBSFXyq4qpAw4IARUAAIhCGAFwAcABBg==&rs=AOn4CLDz93fmJZl9IFAdJJZS89n6p-Edbw,805,4877505,,,,,BeardMeatsFood,@Beardmeatsfood,,,,,False,False,False,,"{'channel_url': 'https://www.youtube.com/channel/UCc9CjaAjsMMvaSghZB7-Kog', 'channel_id': 'UCc9CjaAjsMMvaSghZB7-Kog', 'playable_in_embed': False, 'automatic_captions': None, 'subtitles': None, 'chapters': None, 'heatmap': None, 'average_rating': None, 'webpage_url_basename': None, 'extractor': None}",2025-06-21T19:31:44.670425
YouTube,IDuiyDeV7rk,Me vs Grandma Cooking Challenge | Amazing Cooking Hacks by Multi DO Challenge,,https://www.youtube.com/watch?v=IDuiyDeV7rk,https://i9.ytimg.com/vi/IDuiyDeV7rk/hq720_custom_2.jpg?sqp=CKjV3cIG-oaymwEcCOgCEMoBSFXyq4qpAw4IARUAAIhCGAFwAcABBg==&rs=AOn4CLDSydqTluF-Pj19H3ncECxfLY4YaA,669,1054493,,,,,Multi DO Challenge,@multidochallenge9434,,,,,False,False,False,,"{'channel_url': 'https://www.youtube.com/channel/UCKZTeZmkmdhEldL1oBMu6LA', 'channel_id': 'UCKZTeZmkmdhEldL1oBMu6LA', 'playable_in_embed': False, 'automatic_captions': None, 'subtitles': None, 'chapters': None, 'heatmap': None, 'average_rating': None, 'webpage_url_basename': None, 'extractor': None}",2025-06-21T19:31:44.670434
YouTube,zLPSFF9IUmQ,THIS MEXICAN PLATTER CHALLENGE HAS NEVER BEEN CONQUERED! | BeardMeatFood,,https://www.youtube.com/watch?v=zLPSFF9IUmQ,https://i.ytimg.com/vi/zLPSFF9IUmQ/hq720.jpg?sqp=-oaymwEcCOgCEMoBSFXyq4qpAw4IARUAAIhCGAFwAcABBg==&rs=AOn4CLB4McniDK5x3XilzY_KitfXdehYlA,796,8917012,,,,,BeardMeatsFood,@Beardmeatsfood,,,,,False,False,False,,"{'channel_url': 'https://www.youtube.com/channel/UCc9CjaAjsMMvaSghZB7-Kog', 'channel_id': 'UCc9CjaAjsMMvaSghZB7-Kog', 'playable_in_embed': False, 'automatic_captions': None, 'subtitles': None, 'chapters': None, 'heatmap': None, 'average_rating': None, 'webpage_url_basename': None, 'extractor': None}",2025-06-21T19:31:44.670443
YouTube,iCLz0UIpmdk,Thacker's Mini Pub Offers Missouri's Biggest UNDEFEATED Quad Burger Challenge!!,,https://www.youtube.com/watch?v=iCLz0UIpmdk,https://i.ytimg.com/vi/iCLz0UIpmdk/hq720.jpg?sqp=-oaymwEcCOgCEMoBSFXyq4qpAw4IARUAAIhCGAFwAcABBg==&rs=AOn4CLCWT4t6lQgiVXcEcwZvjTKMLtu5Dg,745,203954,,,,,Randy Santel,@RandySantel,,,,,False,False,False,,"{'channel_url': 'https://www.youtube.com/channel/UCMJlGrPk73l9U6qahc8D_gA', 'channel_id': 'UCMJlGrPk73l9U6qahc8D_gA', 'playable_in_embed': False, 'automatic_captions': None, 'subtitles': None, 'chapters': None, 'heatmap': None, 'average_rating': None, 'webpage_url_basename': None, 'extractor': None}",2025-06-21T19:31:44.670452
YouTube,SBFBHSu0lks,Me vs Grandma Cooking Challenge | Funny Challenges by Multi DO,,https://www.youtube.com/watch?v=SBFBHSu0lks,https://i.ytimg.com/vi/SBFBHSu0lks/hq720.jpg?sqp=-oaymwEcCOgCEMoBSFXyq4qpAw4IARUAAIhCGAFwAcABBg==&rs=AOn4CLC5S1fzCPWohVhE1tPkM4uMXuAagQ,793,352192,,,,,Multi DO,@multido1598,,,,,False,False,False,,"{'channel_url': 'https://www.youtube.com/channel/UCo90vVUjxpyL-zwAksnBKTA', 'channel_id': 'UCo90vVUjxpyL-zwAksnBKTA', 'playable_in_embed': False, 'automatic_captions': None, 'subtitles': None, 'chapters': None, 'heatmap': None, 'average_rating': None, 'webpage_url_basename': None, 'extractor': None}",2025-06-21T19:31:44.670462
YouTube,-q6_wo6aowo,7KG Korean Donkatsu  Challenge! #foodchallenge,,https://www.youtube.com/watch?v=-q6_wo6aowo,https://i.ytimg.com/vi/-q6_wo6aowo/hq720.jpg?sqp=-oaymwE2COgCEMoBSFXyq4qpAygIARUAAIhCGABwAcABBvABAfgBtgiAAoAPigIMCAAQARhlIFkoUjAP&rs=AOn4CLAM8Gy0yyBwTLJkDA-YpmpijRHOsQ,59,35852818,,,,,Zermatt Neo,@ZermattNeo,,,,,False,False,False,,"{'channel_url': 'https://www.youtube.com/channel/UCZlUAff0s1IbMJlIDrw3TKQ', 'channel_id': 'UCZlUAff0s1IbMJlIDrw3TKQ', 'playable_in_embed': False, 'automatic_captions': None, 'subtitles': None, 'chapters': None, 'heatmap': None, 'average_rating': None, 'webpage_url_basename': None, 'extractor': None}",2025-06-21T19:31:44.670471
YouTube,_jGdw3HpL70,This Polish Food Challenge In Connecticut Is So Massive It's Named After Poland's Biggest Mountains!,,https://www.youtube.com/watch?v=_jGdw3HpL70,https://i.ytimg.com/vi/_jGdw3HpL70/hq720.jpg?sqp=-oaymwEcCOgCEMoBSFXyq4qpAw4IARUAAIhCGAFwAcABBg==&rs=AOn4CLClVNogJzThIzGgxMP6an9G2svkcQ,697,271690,,,,,Katina Eats Kilos,@KatinaEatsKilos,,,,,False,False,False,,"{'channel_url': 'https://www.youtube.com/channel/UCyfrEmiyq0Bv46gpxKTMcQg', 'channel_id': 'UCyfrEmiyq0Bv46gpxKTMcQg', 'playable_in_embed': False, 'automatic_captions': None, 'subtitles': None, 'chapters': None, 'heatmap': None, 'average_rating': None, 'webpage_url_basename': None, 'extractor': None}",2025-06-21T19:31:44.670480
YouTube,EuySE6259wQ,"ASMR MUKBANG Spicy chicken Tteokbokki, Seasoned Chicken, Cheese Kimchi Gimbap, fried food, Eating",,https://www.youtube.com/watch?v=EuySE6259wQ,https://i.ytimg.com/vi/EuySE6259wQ/hq720.jpg?sqp=-oaymwEcCOgCEMoBSFXyq4qpAw4IARUAAIhCGAFwAcABBg==&rs=AOn4CLDXmv7B6F80TCXQqfXI4vwoKbDbQw,1027,145481772,,,,,설기양SULGI,@sulgiyang,,,,,False,False,False,,"{'channel_url': 'https://www.youtube.com/channel/UCIafb9ExBkh4WsCOagZssZA', 'channel_id': 'UCIafb9ExBkh4WsCOagZssZA', 'playable_in_embed': False, 'automatic_captions': None, 'subtitles': None, 'chapters': None, 'heatmap': None, 'average_rating': None, 'webpage_url_basename': None, 'extractor': None}",2025-06-21T19:31:44.670489
YouTube,h0G9Qe5X6vM,"Real Mukbang Budae Jjigae, Korean Creamy Pasta, Kimchi Pancake, Spam & Eggs, Fried Crispy Squid ASMR",,https://www.youtube.com/watch?v=h0G9Qe5X6vM,https://i.ytimg.com/vi/h0G9Qe5X6vM/hq720.jpg?sqp=-oaymwEcCOgCEMoBSFXyq4qpAw4IARUAAIhCGAFwAcABBg==&rs=AOn4CLCA-l921TPx0-tq2_W3Wu7zDHlNJQ,1259,132387,,,,,Veronica Wang,@VeronicaWang,,,,,False,False,False,,"{'channel_url': 'https://www.youtube.com/channel/UCNopoBpPj8RUebuv5Ds5Cqw', 'channel_id': 'UCNopoBpPj8RUebuv5Ds5Cqw', 'playable_in_embed': False, 'automatic_captions': None, 'subtitles': None, 'chapters': None, 'heatmap': None, 'average_rating': None, 'webpage_url_basename': None, 'extractor': None}",2025-06-21T19:31:44.670499
YouTube,8jwZahp060U,"TOP11, Korean Popular Food Collection",,https://www.youtube.com/watch?v=8jwZahp060U,https://i.ytimg.com/vi/8jwZahp060U/hq720.jpg?sqp=-oaymwEcCOgCEMoBSFXyq4qpAw4IARUAAIhCGAFwAcABBg==&rs=AOn4CLCn96ZC5nG4N-3z2cMwuMXBR5mG8w,10387,262672,,,,,FoodieBoy 푸디보이,@FoodieBoyKR,,,,,False,False,False,,"{'channel_url': 'https://www.youtube.com/channel/UCe1ZsGtbRx2pgajGzwB9L0A', 'channel_id': 'UCe1ZsGtbRx2pgajGzwB9L0A', 'playable_in_embed': False, 'automatic_captions': None, 'subtitles': None, 'chapters': None, 'heatmap': None, 'average_rating': None, 'webpage_url_basename': None, 'extractor': None}",2025-06-21T19:31:44.670508
YouTube,wn-uL7ColtY,동네 오래된 중식집의 히든메뉴 비벼먹는 김치볶음밥?🤔 쟁반짜장 탕짜면 군만두 먹방,,https://www.youtube.com/watch?v=wn-uL7ColtY,https://i.ytimg.com/vi/wn-uL7ColtY/hq720.jpg?sqp=-oaymwEcCOgCEMoBSFXyq4qpAw4IARUAAIhCGAFwAcABBg==&rs=AOn4CLCcwEmGhcNIQFAJItgrWTAo50Qa_Q,1251,2278927,,,,,tzuyang쯔양,@tzuyang6145,,,,,False,False,False,,"{'channel_url': 'https://www.youtube.com/channel/UCfpaSruWW3S4dibonKXENjA', 'channel_id': 'UCfpaSruWW3S4dibonKXENjA', 'playable_in_embed': False, 'automatic_captions': None, 'subtitles': None, 'chapters': None, 'heatmap': None, 'average_rating': None, 'webpage_url_basename': None, 'extractor': None}",2025-06-21T19:31:44.670519
YouTube,lvCu5bjuGeQ,[열무보리비빔밥] 늦여름 날리는 시원한 열무김치로 만든 열무보리비빔밥! [Young radish Kimchi Bibimbap] 요리&먹방!! - Mukbang eating show,,https://www.youtube.com/watch?v=lvCu5bjuGeQ,https://i.ytimg.com/vi/lvCu5bjuGeQ/hq720.jpg?sqp=-oaymwEcCOgCEMoBSFXyq4qpAw4IARUAAIhCGAFwAcABBg==&rs=AOn4CLBuT3zSclyZwJmBys0E03JLyaJO0A,1232,7993317,,,,,흥삼이네 Heungsam's Family,@heungsamsfamily,,,,,False,False,False,,"{'channel_url': 'https://www.youtube.com/channel/UC5XuQ-xiWAB6f-qu6gJMDBQ', 'channel_id': 'UC5XuQ-xiWAB6f-qu6gJMDBQ', 'playable_in_embed': False, 'automatic_captions': None, 'subtitles': None, 'chapters': None, 'heatmap': None, 'average_rating': None, 'webpage_url_basename': None, 'extractor': None}",2025-06-21T19:31:44.670528
YouTube,YvM-mTNwFaQ,이거 먹으러 새벽5시에 찾아갔습니다🥺 역대급 목살수육과 가성비 순대국 먹방,,https://www.youtube.com/watch?v=YvM-mTNwFaQ,https://i.ytimg.com/vi/YvM-mTNwFaQ/hq720.jpg?sqp=-oaymwEcCOgCEMoBSFXyq4qpAw4IARUAAIhCGAFwAcABBg==&rs=AOn4CLBn9waZ6vLKGAGwQgbI4hKPAbh_lg,1079,1090615,,,,,tzuyang쯔양,@tzuyang6145,,,,,False,False,False,,"{'channel_url': 'https://www.youtube.com/channel/UCfpaSruWW3S4dibonKXENjA', 'channel_id': 'UCfpaSruWW3S4dibonKXENjA', 'playable_in_embed': False, 'automatic_captions': None, 'subtitles': None, 'chapters': None, 'heatmap': None, 'average_rating': None, 'webpage_url_basename': None, 'extractor': None}",2025-06-21T19:31:44.670537
YouTube,AcuWi1jpIIE,"텃밭 가꾸고 스팸순두부찌개에 계란밥 집밥 ☆ 고등어구이,파김치,김",,https://www.youtube.com/watch?v=AcuWi1jpIIE,https://i.ytimg.com/vi/AcuWi1jpIIE/hq720.jpg?sqp=-oaymwEcCOgCEMoBSFXyq4qpAw4IARUAAIhCGAFwAcABBg==&rs=AOn4CLA8npU9WaRQAqn_DdQDiY0XeF7KHg,647,1524783,,,,,[햄지]Hamzy,@hamzymukbang,,,,,False,False,False,,"{'channel_url': 'https://www.youtube.com/channel/UCPKNKldggioffXPkSmjs5lQ', 'channel_id': 'UCPKNKldggioffXPkSmjs5lQ', 'playable_in_embed': False, 'automatic_captions': None, 'subtitles': None, 'chapters': None, 'heatmap': None, 'average_rating': None, 'webpage_url_basename': None, 'extractor': None}",2025-06-21T19:31:44.670546
YouTube,2oViaoUYekY,ASMR MUKBANG | Spicy Whole Pork Belly Kimchi Jjim & Fried Eggs with Rice – Korean Comfort Food!,,https://www.youtube.com/watch?v=2oViaoUYekY,https://i.ytimg.com/vi/2oViaoUYekY/hq720.jpg?sqp=-oaymwEcCOgCEMoBSFXyq4qpAw4IARUAAIhCGAFwAcABBg==&rs=AOn4CLBaDWCeRD666f14ZQruvQTT28H2Kg,944,325565,,,,,푸메Fume,@Fumeyamyam,,,,,False,False,False,,"{'channel_url': 'https://www.youtube.com/channel/UCbzI92w5vWa6mEj1dACfy6g', 'channel_id': 'UCbzI92w5vWa6mEj1dACfy6g', 'playable_in_embed': False, 'automatic_captions': None, 'subtitles': None, 'chapters': None, 'heatmap': None, 'average_rating': None, 'webpage_url_basename': None, 'extractor': None}",2025-06-21T19:31:44.670555
YouTube,uNq8gRAzMYc,목포1탄) 한입 먹자마자 인생맛집이 됐습니다🥺 목포 현지인도 줄서는 선희식육식당 생고기 삼겹살 먹방,,https://www.youtube.com/watch?v=uNq8gRAzMYc,https://i.ytimg.com/vi/uNq8gRAzMYc/hq720.jpg?sqp=-oaymwEcCOgCEMoBSFXyq4qpAw4IARUAAIhCGAFwAcABBg==&rs=AOn4CLD8Dt-T7fWxcgOctxDp48TIS27YkA,1106,2119293,,,,,tzuyang쯔양,@tzuyang6145,,,,,False,False,False,,"{'channel_url': 'https://www.youtube.com/channel/UCfpaSruWW3S4dibonKXENjA', 'channel_id': 'UCfpaSruWW3S4dibonKXENjA', 'playable_in_embed': False, 'automatic_captions': None, 'subtitles': None, 'chapters': None, 'heatmap': None, 'average_rating': None, 'webpage_url_basename': None, 'extractor': None}",2025-06-21T19:31:44.670564
YouTube,wHqznfexb6k,부모님이 좋아하시는 가수 신성님이 저희 집에 오셨습니다! 얼큰한 낙곱새 먹방! (Spicy Nakgopsae with guest) 요리&먹방 - Mukbang eating show,,https://www.youtube.com/watch?v=wHqznfexb6k,https://i.ytimg.com/vi/wHqznfexb6k/hq720.jpg?sqp=-oaymwEcCOgCEMoBSFXyq4qpAw4IARUAAIhCGAFwAcABBg==&rs=AOn4CLAskqGjGCFIIgKC5-pEBvZNHun2oQ,968,1554348,,,,,흥삼이네 Heungsam's Family,@heungsamsfamily,,,,,False,False,False,,"{'channel_url': 'https://www.youtube.com/channel/UC5XuQ-xiWAB6f-qu6gJMDBQ', 'channel_id': 'UC5XuQ-xiWAB6f-qu6gJMDBQ', 'playable_in_embed': False, 'automatic_captions': None, 'subtitles': None, 'chapters': None, 'heatmap': None, 'average_rating': None, 'webpage_url_basename': None, 'extractor': None}",2025-06-21T19:31:44.670573
YouTube,RdufKDGKFes,"콩잎물김치, 보리멸치, 산나물전! 제철 봄 식재료로 향긋한 봄내음 가득한 집밥 한 상! (Korean homemade foods) 요리&먹방 - Mukbang eating show",,https://www.youtube.com/watch?v=RdufKDGKFes,https://i.ytimg.com/vi/RdufKDGKFes/hq720.jpg?sqp=-oaymwEcCOgCEMoBSFXyq4qpAw4IARUAAIhCGAFwAcABBg==&rs=AOn4CLBVl6YC3pMtYRoRjEKU7hqMCvkltg,1068,281224,,,,,흥삼이네 Heungsam's Family,@heungsamsfamily,,,,,False,False,False,,"{'channel_url': 'https://www.youtube.com/channel/UC5XuQ-xiWAB6f-qu6gJMDBQ', 'channel_id': 'UC5XuQ-xiWAB6f-qu6gJMDBQ', 'playable_in_embed': False, 'automatic_captions': None, 'subtitles': None, 'chapters': None, 'heatmap': None, 'average_rating': None, 'webpage_url_basename': None, 'extractor': None}",2025-06-21T19:31:44.670582
YouTube,5HvsKPp2HU8,제주 마지막탄) 김밥이 한줄에 1000원?!😳 모녀가 운영하는 제주도 가격파괴 분식집.. 떡볶이 라면 먹방,,https://www.youtube.com/watch?v=5HvsKPp2HU8,https://i.ytimg.com/vi/5HvsKPp2HU8/hq720.jpg?sqp=-oaymwEcCOgCEMoBSFXyq4qpAw4IARUAAIhCGAFwAcABBg==&rs=AOn4CLBAr1KcwdpmX37OsyRgZ1-LfHQgOg,972,4830082,,,,,tzuyang쯔양,@tzuyang6145,,,,,False,False,False,,"{'channel_url': 'https://www.youtube.com/channel/UCfpaSruWW3S4dibonKXENjA', 'channel_id': 'UCfpaSruWW3S4dibonKXENjA', 'playable_in_embed': False, 'automatic_captions': None, 'subtitles': None, 'chapters': None, 'heatmap': None, 'average_rating': None, 'webpage_url_basename': None, 'extractor': None}",2025-06-21T19:31:44.670593
YouTube,pk7TqUSlnQQ,"Real Mukbang:) Korean chicken & Spicy Chicken Feet ☆ ft. Grilled Soft Borns, Dessert",,https://www.youtube.com/watch?v=pk7TqUSlnQQ,https://i.ytimg.com/vi/pk7TqUSlnQQ/hq720.jpg?sqp=-oaymwEcCOgCEMoBSFXyq4qpAw4IARUAAIhCGAFwAcABBg==&rs=AOn4CLBhP-JgX9hby3nYYJCf-5GHnSFcWw,720,4340032,,,,,[햄지]Hamzy,@hamzymukbang,,,,,False,False,False,,"{'channel_url': 'https://www.youtube.com/channel/UCPKNKldggioffXPkSmjs5lQ', 'channel_id': 'UCPKNKldggioffXPkSmjs5lQ', 'playable_in_embed': False, 'automatic_captions': None, 'subtitles': None, 'chapters': None, 'heatmap': None, 'average_rating': None, 'webpage_url_basename': None, 'extractor': None}",2025-06-21T19:31:44.670602
YouTube,0I4QhrkXr08,"ASMR MUKBANG | Fried Chicken, pork cutlet, black bean noodles, kimchi Korean Food recipe ! eating",,https://www.youtube.com/watch?v=0I4QhrkXr08,https://i.ytimg.com/vi/0I4QhrkXr08/hq720.jpg?sqp=-oaymwEcCOgCEMoBSFXyq4qpAw4IARUAAIhCGAFwAcABBg==&rs=AOn4CLDsxUtwgQQ-lLzgegVwmfNPDf0xiQ,955,3108611,,,,,GONGSAM TABLE 이공삼,@gongsam_table203,,,,,False,False,False,,"{'channel_url': 'https://www.youtube.com/channel/UC2B5onlYkZ7IaVekR9yIB6w', 'channel_id': 'UC2B5onlYkZ7IaVekR9yIB6w', 'playable_in_embed': False, 'automatic_captions': None, 'subtitles': None, 'chapters': None, 'heatmap': None, 'average_rating': None, 'webpage_url_basename': None, 'extractor': None}",2025-06-21T19:31:44.670611
YouTube,lGe5FtBjVOY,"Real Mukbang:) Pig's Feet & Cold Beer ☆ Spicy pig's feet, kimchi pancake, steamed egg",,https://www.youtube.com/watch?v=lGe5FtBjVOY,https://i.ytimg.com/vi/lGe5FtBjVOY/hq720.jpg?sqp=-oaymwEcCOgCEMoBSFXyq4qpAw4IARUAAIhCGAFwAcABBg==&rs=AOn4CLBGwQVvGjHxKxNoyL-ub0DJQ2sSZg,749,5777671,,,,,[햄지]Hamzy,@hamzymukbang,,,,,False,False,False,,"{'channel_url': 'https://www.youtube.com/channel/UCPKNKldggioffXPkSmjs5lQ', 'channel_id': 'UCPKNKldggioffXPkSmjs5lQ', 'playable_in_embed': False, 'automatic_captions': None, 'subtitles': None, 'chapters': None, 'heatmap': None, 'average_rating': None, 'webpage_url_basename': None, 'extractor': None}",2025-06-21T19:31:44.670620
YouTube,m-qMPIiUkS4,Real Mukbang:) The best combination 'Jjajang Ramyun & Korean BBQ' ☆ Radish Kimchi,,https://www.youtube.com/watch?v=m-qMPIiUkS4,https://i.ytimg.com/vi/m-qMPIiUkS4/hq720.jpg?sqp=-oaymwEcCOgCEMoBSFXyq4qpAw4IARUAAIhCGAFwAcABBg==&rs=AOn4CLCFL9oUXGotxZ09bDJ1TQSngFC5og,657,4992044,,,,,[햄지]Hamzy,@hamzymukbang,,,,,False,False,False,,"{'channel_url': 'https://www.youtube.com/channel/UCPKNKldggioffXPkSmjs5lQ', 'channel_id': 'UCPKNKldggioffXPkSmjs5lQ', 'playable_in_embed': False, 'automatic_captions': None, 'subtitles': None, 'chapters': None, 'heatmap': None, 'average_rating': None, 'webpage_url_basename': None, 'extractor': None}",2025-06-21T19:31:44.670629
YouTube,yeBEf48qRUM,"Red Braised Pork Belly ""Red Braised Pork Eat Meat with Big Mouthfuls Asmr Eating Sounds",,https://www.youtube.com/watch?v=yeBEf48qRUM,https://i.ytimg.com/vi/yeBEf48qRUM/hq720.jpg?sqp=-oaymwEcCOgCEMoBSFXyq4qpAw4IARUAAIhCGAFwAcABBg==&rs=AOn4CLCAxAVXEymvTs4i0al08C718WkuqA,921,1933434,,,,,asmr mukbangs_55,@asmrmukbangs_55,,,,,False,False,False,,"{'channel_url': 'https://www.youtube.com/channel/UC1eI7sgVnKlN63T6Od318iA', 'channel_id': 'UC1eI7sgVnKlN63T6Od318iA', 'playable_in_embed': False, 'automatic_captions': None, 'subtitles': None, 'chapters': None, 'heatmap': None, 'average_rating': None, 'webpage_url_basename': None, 'extractor': None}",2025-06-21T19:31:44.670638
YouTube,IPhFX7GZJRg,"ASMR MUKBANG | Crispy Pepper Fried Chicken, Chicago Pizza, Fried Rice recipe ! eating",,https://www.youtube.com/watch?v=IPhFX7GZJRg,https://i.ytimg.com/vi/IPhFX7GZJRg/hq720.jpg?sqp=-oaymwEcCOgCEMoBSFXyq4qpAw4IARUAAIhCGAFwAcABBg==&rs=AOn4CLAJShFmufjGmUPnFxxBtfKNyafxaA,1074,967686,,,,,GONGSAM TABLE 이공삼,@gongsam_table203,,,,,False,False,False,,"{'channel_url': 'https://www.youtube.com/channel/UC2B5onlYkZ7IaVekR9yIB6w', 'channel_id': 'UC2B5onlYkZ7IaVekR9yIB6w', 'playable_in_embed': False, 'automatic_captions': None, 'subtitles': None, 'chapters': None, 'heatmap': None, 'average_rating': None, 'webpage_url_basename': None, 'extractor': None}",2025-06-21T19:31:44.670658
YouTube,gZ8JPqwUY9s,"ASMR MUKBANG | Fire Noodles, Hot dog, pork belly, sausage recipe ! eating",,https://www.youtube.com/watch?v=gZ8JPqwUY9s,https://i.ytimg.com/vi/gZ8JPqwUY9s/hq720.jpg?sqp=-oaymwEcCOgCEMoBSFXyq4qpAw4IARUAAIhCGAFwAcABBg==&rs=AOn4CLCFO97OGdQdCCp_KaG0403x4zSBWQ,974,5461952,,,,,GONGSAM TABLE 이공삼,@gongsam_table203,,,,,False,False,False,,"{'channel_url': 'https://www.youtube.com/channel/UC2B5onlYkZ7IaVekR9yIB6w', 'channel_id': 'UC2B5onlYkZ7IaVekR9yIB6w', 'playable_in_embed': False, 'automatic_captions': None, 'subtitles': None, 'chapters': None, 'heatmap': None, 'average_rating': None, 'webpage_url_basename': None, 'extractor': None}",2025-06-21T19:31:44.670667
YouTube,vNBt7b80UpA,"ASMR MUKBANG convenience store store, FIRE Noodle, HOT DOG, GIMBAP, Tteokbokki EATING SOUND !",,https://www.youtube.com/watch?v=vNBt7b80UpA,https://i.ytimg.com/vi/vNBt7b80UpA/hq720.jpg?sqp=-oaymwEcCOgCEMoBSFXyq4qpAw4IARUAAIhCGAFwAcABBg==&rs=AOn4CLDQDzidLno3VtIIOGMJLoxubA1Iig,1060,16422844,,,,,GONGSAM TABLE 이공삼,@gongsam_table203,,,,,False,False,False,,"{'channel_url': 'https://www.youtube.com/channel/UC2B5onlYkZ7IaVekR9yIB6w', 'channel_id': 'UC2B5onlYkZ7IaVekR9yIB6w', 'playable_in_embed': False, 'automatic_captions': None, 'subtitles': None, 'chapters': None, 'heatmap': None, 'average_rating': None, 'webpage_url_basename': None, 'extractor': None}",2025-06-21T19:31:44.670677
YouTube,y0-LwK9Ni9U,18 BEST Local Japanese CHEAP EATS in Tokyo Japan,,https://www.youtube.com/watch?v=y0-LwK9Ni9U,https://i.ytimg.com/vi/y0-LwK9Ni9U/hq720.jpg?sqp=-oaymwEcCOgCEMoBSFXyq4qpAw4IARUAAIhCGAFwAcABBg==&rs=AOn4CLDyhNAVeB4daS07tcnMCKQclgv-BQ,3597,1761120,,,,,Strictly Dumpling,@strictlydumpling,,,,,False,False,False,,"{'channel_url': 'https://www.youtube.com/channel/UCXOKEdfOFxsHO_-Su3K8SHg', 'channel_id': 'UCXOKEdfOFxsHO_-Su3K8SHg', 'playable_in_embed': False, 'automatic_captions': None, 'subtitles': None, 'chapters': None, 'heatmap': None, 'average_rating': None, 'webpage_url_basename': None, 'extractor': None}",2025-06-21T19:31:44.670686
YouTube,bL_rkGf6vTQ,"YUMMY SUSHI FEAST!! Salmon & Tuna Nigiri, Sushi Rolls | Japanese Food Mukbang w/ Asmr Eating Sounds",,https://www.youtube.com/watch?v=bL_rkGf6vTQ,https://i.ytimg.com/vi/bL_rkGf6vTQ/hq720.jpg?sqp=-oaymwEcCOgCEMoBSFXyq4qpAw4IARUAAIhCGAFwAcABBg==&rs=AOn4CLBb20bN2C9H9Ssnt-48cU5W9Bfe2w,1640,2376688,,,,,Peggie Neo,@PeggieNeo,,,,,False,False,False,,"{'channel_url': 'https://www.youtube.com/channel/UCFCiaq5RoA7I_JFuLogpXgA', 'channel_id': 'UCFCiaq5RoA7I_JFuLogpXgA', 'playable_in_embed': False, 'automatic_captions': None, 'subtitles': None, 'chapters': None, 'heatmap': None, 'average_rating': None, 'webpage_url_basename': None, 'extractor': None}",2025-06-21T19:31:44.670695
YouTube,6RXXSpOQGAQ,Lunch for ONLY 500 Yen from 7-Eleven,,https://www.youtube.com/watch?v=6RXXSpOQGAQ,https://i.ytimg.com/vi/6RXXSpOQGAQ/hq720.jpg?sqp=-oaymwE2COgCEMoBSFXyq4qpAygIARUAAIhCGABwAcABBvABAfgBtgiAAoAPigIMCAAQARhyIEsoRDAP&rs=AOn4CLCv7RO0kXoJzSG_i9o95_C1rQ3hsA,33,15817758,,,,,Megan and Ben,@thehitobito,,,,,False,False,False,,"{'channel_url': 'https://www.youtube.com/channel/UCXvbilRzK1DrcrYM_0-BxfQ', 'channel_id': 'UCXvbilRzK1DrcrYM_0-BxfQ', 'playable_in_embed': False, 'automatic_captions': None, 'subtitles': None, 'chapters': None, 'heatmap': None, 'average_rating': None, 'webpage_url_basename': None, 'extractor': None}",2025-06-21T19:31:44.670705
YouTube,EDrqd7dmFb0,"ASMR BLACK BEAN NOODLES, SPICY SEAFOOD, SPICY ENOKI MUSHROOM, 불닭 팽이버섯 먹방, OCTOPUS, 짜장 라면 먹방MUKBANG",,https://www.youtube.com/watch?v=EDrqd7dmFb0,https://i.ytimg.com/vi/EDrqd7dmFb0/hq720.jpg?sqp=-oaymwEcCOgCEMoBSFXyq4qpAw4IARUAAIhCGAFwAcABBg==&rs=AOn4CLBbIEYitZmeFGX8taQLsEjEfra84A,1373,98856434,,,,,GOYUMYUM고얌얌,@GOYUMYUM,,,,,False,False,False,,"{'channel_url': 'https://www.youtube.com/channel/UCkM-5MsteXk27aAU52N0Ccg', 'channel_id': 'UCkM-5MsteXk27aAU52N0Ccg', 'playable_in_embed': False, 'automatic_captions': None, 'subtitles': None, 'chapters': None, 'heatmap': None, 'average_rating': None, 'webpage_url_basename': None, 'extractor': None}",2025-06-21T19:31:44.670714
YouTube,LV7AcCs5-PQ,Cheap VS Expensive Sushi Buffet in Japan!,,https://www.youtube.com/watch?v=LV7AcCs5-PQ,https://i.ytimg.com/vi/LV7AcCs5-PQ/hq720.jpg?sqp=-oaymwEcCOgCEMoBSFXyq4qpAw4IARUAAIhCGAFwAcABBg==&rs=AOn4CLDMOeWp70Tzswl8V2MKcoO0lHS6Gg,1358,394700,,,,,Jimmy Kim,@jimmykimtv,,,,,False,False,False,,"{'channel_url': 'https://www.youtube.com/channel/UCOU2PEQuXiz4JsfEtW3frhA', 'channel_id': 'UCOU2PEQuXiz4JsfEtW3frhA', 'playable_in_embed': False, 'automatic_captions': None, 'subtitles': None, 'chapters': None, 'heatmap': None, 'average_rating': None, 'webpage_url_basename': None, 'extractor': None}",2025-06-21T19:31:44.670723
YouTube,Lsc6w8edxL4,Only Eating  7/11 Food From Japan For 24 Hours,,https://www.youtube.com/watch?v=Lsc6w8edxL4,https://i.ytimg.com/vi/Lsc6w8edxL4/hq720.jpg?sqp=-oaymwEcCOgCEMoBSFXyq4qpAw4IARUAAIhCGAFwAcABBg==&rs=AOn4CLDx82H7PvW6cVt6v6-B2NjbZwIzXw,1227,1446638,,,,,SSSniperWolf,@SSSniperWolf,,,,,False,False,False,,"{'channel_url': 'https://www.youtube.com/channel/UCpB959t8iPrxQWj7G6n0ctQ', 'channel_id': 'UCpB959t8iPrxQWj7G6n0ctQ', 'playable_in_embed': False, 'automatic_captions': None, 'subtitles': None, 'chapters': None, 'heatmap': None, 'average_rating': None, 'webpage_url_basename': None, 'extractor': None}",2025-06-21T19:31:44.670733
YouTube,_6xXKQan0QQ,EXOTIC JAPANESE SNACK MUKBANG w/ KAED *intense*,,https://www.youtube.com/watch?v=_6xXKQan0QQ,https://i.ytimg.com/vi/_6xXKQan0QQ/hq720.jpg?sqp=-oaymwEcCOgCEMoBSFXyq4qpAw4IARUAAIhCGAFwAcABBg==&rs=AOn4CLAoPNY-LFiRvsC1CBAqGROQUtiLLQ,1737,886708,,,,,Blesiv,@Blesiv,,,,,False,False,False,,"{'channel_url': 'https://www.youtube.com/channel/UCfd0Qf-79ravG1az8_7tBfw', 'channel_id': 'UCfd0Qf-79ravG1az8_7tBfw', 'playable_in_embed': False, 'automatic_captions': None, 'subtitles': None, 'chapters': None, 'heatmap': None, 'average_rating': None, 'webpage_url_basename': None, 'extractor': None}",2025-06-21T19:31:44.670742
YouTube,ZRm0Z3GVdw0,50 HOURS Eating ONLY Japanese Convenience Store Food! 7-ELEVEN vs. Lawson vs. Family Mart,,https://www.youtube.com/watch?v=ZRm0Z3GVdw0,https://i.ytimg.com/vi/ZRm0Z3GVdw0/hq720.jpg?sqp=-oaymwEcCOgCEMoBSFXyq4qpAw4IARUAAIhCGAFwAcABBg==&rs=AOn4CLBJrrSN_J4A-fqhtufJOuH7Fk2h0g,2598,1075587,,,,,Strictly Dumpling,@strictlydumpling,,,,,False,False,False,,"{'channel_url': 'https://www.youtube.com/channel/UCXOKEdfOFxsHO_-Su3K8SHg', 'channel_id': 'UCXOKEdfOFxsHO_-Su3K8SHg', 'playable_in_embed': False, 'automatic_captions': None, 'subtitles': None, 'chapters': None, 'heatmap': None, 'average_rating': None, 'webpage_url_basename': None, 'extractor': None}",2025-06-21T19:31:44.670752
YouTube,GR9RFDPrHyY,japanese style popular street food collection!,,https://www.youtube.com/watch?v=GR9RFDPrHyY,https://i.ytimg.com/vi/GR9RFDPrHyY/hq720.jpg?sqp=-oaymwEcCOgCEMoBSFXyq4qpAw4IARUAAIhCGAFwAcABBg==&rs=AOn4CLDKWCIjkJ9J06Pe4alzw-L3ZxuvQw,3932,16558875,,,,,야미보이 Yummyboy,@yummyboys,,,,,False,False,False,,"{'channel_url': 'https://www.youtube.com/channel/UCiiV8stcewhoCNyiErr7GtA', 'channel_id': 'UCiiV8stcewhoCNyiErr7GtA', 'playable_in_embed': False, 'automatic_captions': None, 'subtitles': None, 'chapters': None, 'heatmap': None, 'average_rating': None, 'webpage_url_basename': None, 'extractor': None}",2025-06-21T19:31:44.670762
YouTube,Xhlar5TZ9ag,Japanese food mukbang🤩😝,,https://www.youtube.com/watch?v=Xhlar5TZ9ag,https://i.ytimg.com/vi/Xhlar5TZ9ag/hq720.jpg?sqp=-oaymwE2COgCEMoBSFXyq4qpAygIARUAAIhCGAFwAcABBvABAfgBzgWAAoAKigIMCAAQARhyIFAoNzAP&rs=AOn4CLDZq3jD7t33LhSJfv2PjTYiAetvsw,244,53,,,,,YUMI ADVENTURES,@yumi_adventures55,,,,,False,False,False,,"{'channel_url': 'https://www.youtube.com/channel/UCPEnlboW7XM4yPZ2zu1ZhSg', 'channel_id': 'UCPEnlboW7XM4yPZ2zu1ZhSg', 'playable_in_embed': False, 'automatic_captions': None, 'subtitles': None, 'chapters': None, 'heatmap': None, 'average_rating': None, 'webpage_url_basename': None, 'extractor': None}",2025-06-21T19:31:44.670771
YouTube,hi0V05DnXdU,This Japanese food smells like feet #mukbang #japan #food,,https://www.youtube.com/watch?v=hi0V05DnXdU,https://i.ytimg.com/vi/hi0V05DnXdU/hq720.jpg?sqp=-oaymwE2COgCEMoBSFXyq4qpAygIARUAAIhCGABwAcABBvABAfgBtgiAAoAPigIMCAAQARhlIFooUDAP&rs=AOn4CLD_OAMgwi8RbCf02kiXfLgwF2ysbQ,61,172658,,,,,worldofxtra,@worldofxtra,,,,,False,False,False,,"{'channel_url': 'https://www.youtube.com/channel/UCfPgvpTVkGhY05Y3Gg6CbDw', 'channel_id': 'UCfPgvpTVkGhY05Y3Gg6CbDw', 'playable_in_embed': False, 'automatic_captions': None, 'subtitles': None, 'chapters': None, 'heatmap': None, 'average_rating': None, 'webpage_url_basename': None, 'extractor': None}",2025-06-21T19:31:44.670780
YouTube,uzziGaY5_mg,My first meal in Japan ✈️🍜❤️,,https://www.youtube.com/watch?v=uzziGaY5_mg,https://i.ytimg.com/vi/uzziGaY5_mg/hq720_2.jpg?sqp=-oaymwE2COgCEMoBSFXyq4qpAygIARUAAIhCGABwAcABBvABAfgBtgiAAoAPigIMCAAQARhyIEIoNTAP&rs=AOn4CLDmhyBl1e6erWaDX_NH3W6HqafKbQ,60,707700,,,,,biteswithlily,@biteswithlily,,,,,False,False,False,,"{'channel_url': 'https://www.youtube.com/channel/UCQJY-WJrMYeDt9qzFcT8SNA', 'channel_id': 'UCQJY-WJrMYeDt9qzFcT8SNA', 'playable_in_embed': False, 'automatic_captions': None, 'subtitles': None, 'chapters': None, 'heatmap': None, 'average_rating': None, 'webpage_url_basename': None, 'extractor': None}",2025-06-21T19:31:44.670790
YouTube,Ak1UzPwBcNc,Super Spicy Fried Ramen 🍜🥵,,https://www.youtube.com/watch?v=Ak1UzPwBcNc,https://i.ytimg.com/vi/Ak1UzPwBcNc/hq720.jpg?sqp=-oaymwE2COgCEMoBSFXyq4qpAygIARUAAIhCGABwAcABBvABAfgBzgWAAoAKigIMCAAQARh_IEMoHjAP&rs=AOn4CLCdeT3Ni8FwXG4Qhcyh_xZySuAJlg,44,34163642,,,,,Bayashi TV,@BayashiTV_,,,,,False,False,False,,"{'channel_url': 'https://www.youtube.com/channel/UCbCJmNKAL85O1VFeD6Wj60g', 'channel_id': 'UCbCJmNKAL85O1VFeD6Wj60g', 'playable_in_embed': False, 'automatic_captions': None, 'subtitles': None, 'chapters': None, 'heatmap': None, 'average_rating': None, 'webpage_url_basename': None, 'extractor': None}",2025-06-21T19:31:44.670799
YouTube,K15lZzVV_EY,"Huge Sushi and Japanese Food Mukbang! Special Rolls, Tempura, Japanese BBQ, Yakisoba Noodles, Poke +",,https://www.youtube.com/watch?v=K15lZzVV_EY,https://i.ytimg.com/vi/K15lZzVV_EY/hq720.jpg?sqp=-oaymwEcCOgCEMoBSFXyq4qpAw4IARUAAIhCGAFwAcABBg==&rs=AOn4CLBApdk5pH5D2J8SkYbx3DvrI7nWmg,1250,137567,,,,,MagicMikeyEats,@MagicMikey21,,,,,False,False,False,,"{'channel_url': 'https://www.youtube.com/channel/UCByle5WCQmEVLgf2Q2QTuwQ', 'channel_id': 'UCByle5WCQmEVLgf2Q2QTuwQ', 'playable_in_embed': False, 'automatic_captions': None, 'subtitles': None, 'chapters': None, 'heatmap': None, 'average_rating': None, 'webpage_url_basename': None, 'extractor': None}",2025-06-21T19:31:44.670808
YouTube,kVAVbaiXHW0,You’ve Never Seen a Meal Like This,,https://www.youtube.com/watch?v=kVAVbaiXHW0,https://i.ytimg.com/vi/kVAVbaiXHW0/hq720_2.jpg?sqp=-oaymwE2COgCEMoBSFXyq4qpAygIARUAAIhCGABwAcABBvABAfgBtgiAAoAPigIMCAAQARh_ICAoEzAP&rs=AOn4CLD6hf_KDoih1S56-EWEC3xUiS7ILg,31,4537303,,,,,Bento Club,@Bento_Club,,,,,False,False,False,,"{'channel_url': 'https://www.youtube.com/channel/UCYUPD1QyZStSkdRvG9FPQ4A', 'channel_id': 'UCYUPD1QyZStSkdRvG9FPQ4A', 'playable_in_embed': False, 'automatic_captions': None, 'subtitles': None, 'chapters': None, 'heatmap': None, 'average_rating': None, 'webpage_url_basename': None, 'extractor': None}",2025-06-21T19:31:44.670817
YouTube,DWDulptHfLc,Only Eating JAPANESE CONVENIENCE STORE FOOD for 24 hours,,https://www.youtube.com/watch?v=DWDulptHfLc,https://i.ytimg.com/vi/DWDulptHfLc/hq720.jpg?sqp=-oaymwEcCOgCEMoBSFXyq4qpAw4IARUAAIhCGAFwAcABBg==&rs=AOn4CLAUJ2fotgpTbXVbqYsGP7oJ7_gtcg,1731,1233661,,,,,Doobydobap,@Doobydobap,,,,,False,False,False,,"{'channel_url': 'https://www.youtube.com/channel/UCh8gHdtzO2tXd593_bjErWg', 'channel_id': 'UCh8gHdtzO2tXd593_bjErWg', 'playable_in_embed': False, 'automatic_captions': None, 'subtitles': None, 'chapters': None, 'heatmap': None, 'average_rating': None, 'webpage_url_basename': None, 'extractor': None}",2025-06-21T19:31:44.670826
YouTube,2s-m2XeTcH4,"Best Japanese Food in Osaka!! 🇯🇵 300 Year Old Eel Restaurant! | Osaka, Japan",,https://www.youtube.com/watch?v=2s-m2XeTcH4,https://i.ytimg.com/vi/2s-m2XeTcH4/hq720.jpg?sqp=-oaymwEcCOgCEMoBSFXyq4qpAw4IARUAAIhCGAFwAcABBg==&rs=AOn4CLAHmhJvmKzRVzzt_108dBPSXhFpsQ,2613,1429735,,,,,Mark Wiens,@MarkWiens,,,,,False,False,False,,"{'channel_url': 'https://www.youtube.com/channel/UCyEd6QBSgat5kkC6svyjudA', 'channel_id': 'UCyEd6QBSgat5kkC6svyjudA', 'playable_in_embed': False, 'automatic_captions': None, 'subtitles': None, 'chapters': None, 'heatmap': None, 'average_rating': None, 'webpage_url_basename': None, 'extractor': None}",2025-06-21T19:31:44.670835
YouTube,hhWQeuMqJgw,ASMR Japanese Gummy Candy 【Mukbang/ Eating Sounds】【English subtitles】,,https://www.youtube.com/watch?v=hhWQeuMqJgw,https://i.ytimg.com/vi/hhWQeuMqJgw/hq720.jpg?sqp=-oaymwEcCOgCEMoBSFXyq4qpAw4IARUAAIhCGAFwAcABBg==&rs=AOn4CLAnpHO7oqruolnD317YSSkvbHt5_Q,2149,1167810,,,,,MIYU ASMR,@miyuasmr,,,,,False,False,False,,"{'channel_url': 'https://www.youtube.com/channel/UCvrPcj-vRAhxdYVyn05CijQ', 'channel_id': 'UCvrPcj-vRAhxdYVyn05CijQ', 'playable_in_embed': False, 'automatic_captions': None, 'subtitles': None, 'chapters': None, 'heatmap': None, 'average_rating': None, 'webpage_url_basename': None, 'extractor': None}",2025-06-21T19:31:44.670844
YouTube,xXeuI7qrATs,Best Restaurant In Japan,,https://www.youtube.com/watch?v=xXeuI7qrATs,https://i.ytimg.com/vi/xXeuI7qrATs/hq720.jpg?sqp=-oaymwE2COgCEMoBSFXyq4qpAygIARUAAIhCGABwAcABBvABAfgBtgiAAoAPigIMCAAQARhlIFEoQjAP&rs=AOn4CLB9Lao4bVeI4E6EOZA5kLi4llOfEQ,30,6975658,,,,,More Nick,@chef,,,,,False,False,False,,"{'channel_url': 'https://www.youtube.com/channel/UC523GIiSr5L48lBSTB1nubg', 'channel_id': 'UC523GIiSr5L48lBSTB1nubg', 'playable_in_embed': False, 'automatic_captions': None, 'subtitles': None, 'chapters': None, 'heatmap': None, 'average_rating': None, 'webpage_url_basename': None, 'extractor': None}",2025-06-21T19:31:44.670853
YouTube,kZCARK52HPc,the last carbo buldak ramen at my convenience store #asmr #koreanfood,,https://www.youtube.com/watch?v=kZCARK52HPc,https://i.ytimg.com/vi/kZCARK52HPc/hq720.jpg?sqp=-oaymwE3COgCEMoBSFXyq4qpAykIARUAAIhCGABwAcABBvABAfgBtgiAAoAPigINCAAQARiMASBUKBUwDw==&rs=AOn4CLCVA85wm-tvpllr_EjipvAwJGM9Jg,15,1606117,,,,,Kkonbini,@Kkonbini,,,,,False,False,False,,"{'channel_url': 'https://www.youtube.com/channel/UCD_ZnMtQyV7EdB_gB6b70zg', 'channel_id': 'UCD_ZnMtQyV7EdB_gB6b70zg', 'playable_in_embed': False, 'automatic_captions': None, 'subtitles': None, 'chapters': None, 'heatmap': None, 'average_rating': None, 'webpage_url_basename': None, 'extractor': None}",2025-06-21T19:31:44.670864
